harvester,target_voltage_mv,level_dbm,efficiency
sSUHFIPTIVA0,1000.0,-30.0,0.24
sSUHFIPTIVA0,1000.0,-29.5,0.23
sSUHFIPTIVA0,1000.0,-29.0,0.23
sSUHFIPTIVA0,1000.0,-28.5,0.24
sSUHFIPTIVA0,1000.0,-28.0,0.27
sSUHFIPTIVA0,1000.0,-27.5,0.34
sSUHFIPTIVA0,1000.0,-27.0,0.27
sSUHFIPTIVA0,1000.0,-26.5,0.34
sSUHFIPTIVA0,1000.0,-26.0,0.49
sSUHFIPTIVA0,1000.0,-25.5,0.67
sSUHFIPTIVA0,1000.0,-25.0,0.96
sSUHFIPTIVA0,1000.0,-24.5,1.44
sSUHFIPTIVA0,1000.0,-24.0,2.07
sSUHFIPTIVA0,1000.0,-23.5,2.74
sSUHFIPTIVA0,1000.0,-23.0,3.72
sSUHFIPTIVA0,1000.0,-22.5,4.8
sSUHFIPTIVA0,1000.0,-22.0,6.05
sSUHFIPTIVA0,1000.0,-21.5,4.94
sSUHFIPTIVA0,1000.0,-21.0,6.27
sSUHFIPTIVA0,1000.0,-20.5,7.8
sSUHFIPTIVA0,1000.0,-20.0,9.28
sSUHFIPTIVA0,1000.0,-19.5,10.85
sSUHFIPTIVA0,1000.0,-19.0,13.47
sSUHFIPTIVA0,1000.0,-18.5,15.71
sSUHFIPTIVA0,1000.0,-18.0,17.93
sSUHFIPTIVA0,1000.0,-17.5,19.91
sSUHFIPTIVA0,1000.0,-17.0,21.59
sSUHFIPTIVA0,1000.0,-16.5,23.0
sSUHFIPTIVA0,1000.0,-16.0,24.15
sSUHFIPTIVA0,1000.0,-15.5,25.05
sSUHFIPTIVA0,1000.0,-15.0,25.97
sSUHFIPTIVA0,1000.0,-14.5,26.18
sSUHFIPTIVA0,1000.0,-14.0,27.02
sSUHFIPTIVA0,1000.0,-13.5,28.2
sSUHFIPTIVA0,1000.0,-13.0,28.26
sSUHFIPTIVA0,1000.0,-12.5,28.08
sSUHFIPTIVA0,1000.0,-12.0,27.9
sSUHFIPTIVA0,1000.0,-11.5,27.47
sSUHFIPTIVA0,1000.0,-11.0,27.07
sSUHFIPTIVA0,1000.0,-10.5,26.52
sSUHFIPTIVA0,1000.0,-10.0,25.91
sSUHFIPTIVA0,1000.0,-9.5,25.27
sSUHFIPTIVA0,1000.0,-9.0,24.48
sSUHFIPTIVA0,1000.0,-8.5,23.82
sSUHFIPTIVA0,1000.0,-8.0,22.97
sSUHFIPTIVA0,1000.0,-7.5,22.29
sSUHFIPTIVA0,1000.0,-7.0,21.44
sSUHFIPTIVA0,1000.0,-6.5,20.74
sSUHFIPTIVA0,1000.0,-6.0,19.88
sSUHFIPTIVA0,1000.0,-5.5,19.18
sSUHFIPTIVA0,1000.0,-5.0,18.15
sSUHFIPTIVA0,1000.0,-4.5,17.55
sSUHFIPTIVA0,1000.0,-4.0,16.8
sSUHFIPTIVA0,1000.0,-3.5,16.04
sSUHFIPTIVA0,1000.0,-3.0,15.26
sSUHFIPTIVA0,1000.0,-2.5,14.67
sSUHFIPTIVA0,1000.0,-2.0,13.76
sSUHFIPTIVA0,1000.0,-1.5,13.12
sSUHFIPTIVA0,1000.0,-1.0,12.44
sSUHFIPTIVA0,1000.0,-0.5,11.73
sSUHFIPTIVA0,1000.0,0.0,11.03
sSUHFIPTIVA0,1250.0,-30.0,0.25
sSUHFIPTIVA0,1250.0,-29.5,0.24
sSUHFIPTIVA0,1250.0,-29.0,0.23
sSUHFIPTIVA0,1250.0,-28.5,0.24
sSUHFIPTIVA0,1250.0,-28.0,0.27
sSUHFIPTIVA0,1250.0,-27.5,0.33
sSUHFIPTIVA0,1250.0,-27.0,0.27
sSUHFIPTIVA0,1250.0,-26.5,0.33
sSUHFIPTIVA0,1250.0,-26.0,0.46
sSUHFIPTIVA0,1250.0,-25.5,0.66
sSUHFIPTIVA0,1250.0,-25.0,0.95
sSUHFIPTIVA0,1250.0,-24.5,1.4
sSUHFIPTIVA0,1250.0,-24.0,2.03
sSUHFIPTIVA0,1250.0,-23.5,2.77
sSUHFIPTIVA0,1250.0,-23.0,3.71
sSUHFIPTIVA0,1250.0,-22.5,4.8
sSUHFIPTIVA0,1250.0,-22.0,6.05
sSUHFIPTIVA0,1250.0,-21.5,4.92
sSUHFIPTIVA0,1250.0,-21.0,6.27
sSUHFIPTIVA0,1250.0,-20.5,7.74
sSUHFIPTIVA0,1250.0,-20.0,9.21
sSUHFIPTIVA0,1250.0,-19.5,10.52
sSUHFIPTIVA0,1250.0,-19.0,11.67
sSUHFIPTIVA0,1250.0,-18.5,13.13
sSUHFIPTIVA0,1250.0,-18.0,15.99
sSUHFIPTIVA0,1250.0,-17.5,18.6
sSUHFIPTIVA0,1250.0,-17.0,20.89
sSUHFIPTIVA0,1250.0,-16.5,22.95
sSUHFIPTIVA0,1250.0,-16.0,24.76
sSUHFIPTIVA0,1250.0,-15.5,26.3
sSUHFIPTIVA0,1250.0,-15.0,27.51
sSUHFIPTIVA0,1250.0,-14.5,28.4
sSUHFIPTIVA0,1250.0,-14.0,29.1
sSUHFIPTIVA0,1250.0,-13.5,29.4
sSUHFIPTIVA0,1250.0,-13.0,29.52
sSUHFIPTIVA0,1250.0,-12.5,30.74
sSUHFIPTIVA0,1250.0,-12.0,31.31
sSUHFIPTIVA0,1250.0,-11.5,31.08
sSUHFIPTIVA0,1250.0,-11.0,30.72
sSUHFIPTIVA0,1250.0,-10.5,30.22
sSUHFIPTIVA0,1250.0,-10.0,29.66
sSUHFIPTIVA0,1250.0,-9.5,29.04
sSUHFIPTIVA0,1250.0,-9.0,28.37
sSUHFIPTIVA0,1250.0,-8.5,27.72
sSUHFIPTIVA0,1250.0,-8.0,26.86
sSUHFIPTIVA0,1250.0,-7.5,25.95
sSUHFIPTIVA0,1250.0,-7.0,25.23
sSUHFIPTIVA0,1250.0,-6.5,24.31
sSUHFIPTIVA0,1250.0,-6.0,23.51
sSUHFIPTIVA0,1250.0,-5.5,22.42
sSUHFIPTIVA0,1250.0,-5.0,21.64
sSUHFIPTIVA0,1250.0,-4.5,20.72
sSUHFIPTIVA0,1250.0,-4.0,19.94
sSUHFIPTIVA0,1250.0,-3.5,19.07
sSUHFIPTIVA0,1250.0,-3.0,18.38
sSUHFIPTIVA0,1250.0,-2.5,17.4
sSUHFIPTIVA0,1250.0,-2.0,16.59
sSUHFIPTIVA0,1250.0,-1.5,15.75
sSUHFIPTIVA0,1250.0,-1.0,14.88
sSUHFIPTIVA0,1250.0,-0.5,14.24
sSUHFIPTIVA0,1250.0,0.0,13.58
sSUHFIPTIVA0,1500.0,-30.0,0.3
sSUHFIPTIVA0,1500.0,-29.5,0.3
sSUHFIPTIVA0,1500.0,-29.0,0.31
sSUHFIPTIVA0,1500.0,-28.5,0.35
sSUHFIPTIVA0,1500.0,-28.0,0.41
sSUHFIPTIVA0,1500.0,-27.5,0.51
sSUHFIPTIVA0,1500.0,-27.0,0.42
sSUHFIPTIVA0,1500.0,-26.5,0.52
sSUHFIPTIVA0,1500.0,-26.0,0.67
sSUHFIPTIVA0,1500.0,-25.5,0.92
sSUHFIPTIVA0,1500.0,-25.0,1.28
sSUHFIPTIVA0,1500.0,-24.5,1.8
sSUHFIPTIVA0,1500.0,-24.0,2.47
sSUHFIPTIVA0,1500.0,-23.5,3.4
sSUHFIPTIVA0,1500.0,-23.0,4.32
sSUHFIPTIVA0,1500.0,-22.5,5.45
sSUHFIPTIVA0,1500.0,-22.0,6.62
sSUHFIPTIVA0,1500.0,-21.5,5.46
sSUHFIPTIVA0,1500.0,-21.0,7.03
sSUHFIPTIVA0,1500.0,-20.5,8.48
sSUHFIPTIVA0,1500.0,-20.0,9.86
sSUHFIPTIVA0,1500.0,-19.5,11.05
sSUHFIPTIVA0,1500.0,-19.0,12.2
sSUHFIPTIVA0,1500.0,-18.5,13.19
sSUHFIPTIVA0,1500.0,-18.0,13.87
sSUHFIPTIVA0,1500.0,-17.5,15.08
sSUHFIPTIVA0,1500.0,-17.0,18.08
sSUHFIPTIVA0,1500.0,-16.5,20.85
sSUHFIPTIVA0,1500.0,-16.0,23.3
sSUHFIPTIVA0,1500.0,-15.5,25.63
sSUHFIPTIVA0,1500.0,-15.0,27.39
sSUHFIPTIVA0,1500.0,-14.5,28.79
sSUHFIPTIVA0,1500.0,-14.0,29.8
sSUHFIPTIVA0,1500.0,-13.5,30.63
sSUHFIPTIVA0,1500.0,-13.0,31.22
sSUHFIPTIVA0,1500.0,-12.5,31.56
sSUHFIPTIVA0,1500.0,-12.0,31.82
sSUHFIPTIVA0,1500.0,-11.5,31.66
sSUHFIPTIVA0,1500.0,-11.0,32.86
sSUHFIPTIVA0,1500.0,-10.5,32.83
sSUHFIPTIVA0,1500.0,-10.0,32.43
sSUHFIPTIVA0,1500.0,-9.5,31.89
sSUHFIPTIVA0,1500.0,-9.0,31.24
sSUHFIPTIVA0,1500.0,-8.5,30.61
sSUHFIPTIVA0,1500.0,-8.0,29.87
sSUHFIPTIVA0,1500.0,-7.5,28.99
sSUHFIPTIVA0,1500.0,-7.0,28.15
sSUHFIPTIVA0,1500.0,-6.5,27.26
sSUHFIPTIVA0,1500.0,-6.0,26.33
sSUHFIPTIVA0,1500.0,-5.5,25.4
sSUHFIPTIVA0,1500.0,-5.0,24.51
sSUHFIPTIVA0,1500.0,-4.5,23.64
sSUHFIPTIVA0,1500.0,-4.0,22.68
sSUHFIPTIVA0,1500.0,-3.5,21.78
sSUHFIPTIVA0,1500.0,-3.0,20.83
sSUHFIPTIVA0,1500.0,-2.5,19.93
sSUHFIPTIVA0,1500.0,-2.0,18.85
sSUHFIPTIVA0,1500.0,-1.5,18.11
sSUHFIPTIVA0,1500.0,-1.0,17.33
sSUHFIPTIVA0,1500.0,-0.5,16.27
sSUHFIPTIVA0,1500.0,0.0,15.66
sSUHFIPTIVA0,1750.0,-30.0,0.27
sSUHFIPTIVA0,1750.0,-29.5,0.3
sSUHFIPTIVA0,1750.0,-29.0,0.31
sSUHFIPTIVA0,1750.0,-28.5,0.35
sSUHFIPTIVA0,1750.0,-28.0,0.42
sSUHFIPTIVA0,1750.0,-27.5,0.47
sSUHFIPTIVA0,1750.0,-27.0,0.39
sSUHFIPTIVA0,1750.0,-26.5,0.49
sSUHFIPTIVA0,1750.0,-26.0,0.45
sSUHFIPTIVA0,1750.0,-25.5,0.96
sSUHFIPTIVA0,1750.0,-25.0,1.22
sSUHFIPTIVA0,1750.0,-24.5,1.8
sSUHFIPTIVA0,1750.0,-24.0,2.47
sSUHFIPTIVA0,1750.0,-23.5,3.26
sSUHFIPTIVA0,1750.0,-23.0,4.31
sSUHFIPTIVA0,1750.0,-22.5,5.29
sSUHFIPTIVA0,1750.0,-22.0,6.62
sSUHFIPTIVA0,1750.0,-21.5,4.87
sSUHFIPTIVA0,1750.0,-21.0,6.92
sSUHFIPTIVA0,1750.0,-20.5,8.4
sSUHFIPTIVA0,1750.0,-20.0,9.82
sSUHFIPTIVA0,1750.0,-19.5,11.09
sSUHFIPTIVA0,1750.0,-19.0,12.08
sSUHFIPTIVA0,1750.0,-18.5,13.14
sSUHFIPTIVA0,1750.0,-18.0,13.78
sSUHFIPTIVA0,1750.0,-17.5,14.35
sSUHFIPTIVA0,1750.0,-17.0,14.64
sSUHFIPTIVA0,1750.0,-16.5,14.91
sSUHFIPTIVA0,1750.0,-16.0,18.14
sSUHFIPTIVA0,1750.0,-15.5,21.33
sSUHFIPTIVA0,1750.0,-15.0,23.75
sSUHFIPTIVA0,1750.0,-14.5,25.84
sSUHFIPTIVA0,1750.0,-14.0,27.73
sSUHFIPTIVA0,1750.0,-13.5,29.13
sSUHFIPTIVA0,1750.0,-13.0,30.33
sSUHFIPTIVA0,1750.0,-12.5,31.02
sSUHFIPTIVA0,1750.0,-12.0,31.86
sSUHFIPTIVA0,1750.0,-11.5,32.3
sSUHFIPTIVA0,1750.0,-11.0,32.39
sSUHFIPTIVA0,1750.0,-10.5,32.21
sSUHFIPTIVA0,1750.0,-10.0,33.4
sSUHFIPTIVA0,1750.0,-9.5,33.47
sSUHFIPTIVA0,1750.0,-9.0,33.04
sSUHFIPTIVA0,1750.0,-8.5,32.45
sSUHFIPTIVA0,1750.0,-8.0,31.87
sSUHFIPTIVA0,1750.0,-7.5,31.09
sSUHFIPTIVA0,1750.0,-7.0,30.36
sSUHFIPTIVA0,1750.0,-6.5,29.5
sSUHFIPTIVA0,1750.0,-6.0,28.7
sSUHFIPTIVA0,1750.0,-5.5,27.73
sSUHFIPTIVA0,1750.0,-5.0,26.85
sSUHFIPTIVA0,1750.0,-4.5,25.99
sSUHFIPTIVA0,1750.0,-4.0,24.96
sSUHFIPTIVA0,1750.0,-3.5,23.97
sSUHFIPTIVA0,1750.0,-3.0,23.01
sSUHFIPTIVA0,1750.0,-2.5,22.13
sSUHFIPTIVA0,1750.0,-2.0,21.19
sSUHFIPTIVA0,1750.0,-1.5,20.17
sSUHFIPTIVA0,1750.0,-1.0,19.29
sSUHFIPTIVA0,1750.0,-0.5,18.38
sSUHFIPTIVA0,1750.0,0.0,17.4
sSUHFIPTIVA0,2000.0,-30.0,0.31
sSUHFIPTIVA0,2000.0,-29.5,0.3
sSUHFIPTIVA0,2000.0,-29.0,0.31
sSUHFIPTIVA0,2000.0,-28.5,0.34
sSUHFIPTIVA0,2000.0,-28.0,0.39
sSUHFIPTIVA0,2000.0,-27.5,0.32
sSUHFIPTIVA0,2000.0,-27.0,0.42
sSUHFIPTIVA0,2000.0,-26.5,0.51
sSUHFIPTIVA0,2000.0,-26.0,0.66
sSUHFIPTIVA0,2000.0,-25.5,0.9
sSUHFIPTIVA0,2000.0,-25.0,1.24
sSUHFIPTIVA0,2000.0,-24.5,1.71
sSUHFIPTIVA0,2000.0,-24.0,2.47
sSUHFIPTIVA0,2000.0,-23.5,3.2
sSUHFIPTIVA0,2000.0,-23.0,4.29
sSUHFIPTIVA0,2000.0,-22.5,5.49
sSUHFIPTIVA0,2000.0,-22.0,6.76
sSUHFIPTIVA0,2000.0,-21.5,5.42
sSUHFIPTIVA0,2000.0,-21.0,6.84
sSUHFIPTIVA0,2000.0,-20.5,8.38
sSUHFIPTIVA0,2000.0,-20.0,9.84
sSUHFIPTIVA0,2000.0,-19.5,11.05
sSUHFIPTIVA0,2000.0,-19.0,11.59
sSUHFIPTIVA0,2000.0,-18.5,13.1
sSUHFIPTIVA0,2000.0,-18.0,13.82
sSUHFIPTIVA0,2000.0,-17.5,14.33
sSUHFIPTIVA0,2000.0,-17.0,14.67
sSUHFIPTIVA0,2000.0,-16.5,14.87
sSUHFIPTIVA0,2000.0,-16.0,14.94
sSUHFIPTIVA0,2000.0,-15.5,14.92
sSUHFIPTIVA0,2000.0,-15.0,17.41
sSUHFIPTIVA0,2000.0,-14.5,20.37
sSUHFIPTIVA0,2000.0,-14.0,23.09
sSUHFIPTIVA0,2000.0,-13.5,25.41
sSUHFIPTIVA0,2000.0,-13.0,27.32
sSUHFIPTIVA0,2000.0,-12.5,28.81
sSUHFIPTIVA0,2000.0,-12.0,30.21
sSUHFIPTIVA0,2000.0,-11.5,31.24
sSUHFIPTIVA0,2000.0,-11.0,31.89
sSUHFIPTIVA0,2000.0,-10.5,32.35
sSUHFIPTIVA0,2000.0,-10.0,32.41
sSUHFIPTIVA0,2000.0,-9.5,32.43
sSUHFIPTIVA0,2000.0,-9.0,32.25
sSUHFIPTIVA0,2000.0,-8.5,33.46
sSUHFIPTIVA0,2000.0,-8.0,33.08
sSUHFIPTIVA0,2000.0,-7.5,32.51
sSUHFIPTIVA0,2000.0,-7.0,31.93
sSUHFIPTIVA0,2000.0,-6.5,31.15
sSUHFIPTIVA0,2000.0,-6.0,30.37
sSUHFIPTIVA0,2000.0,-5.5,29.52
sSUHFIPTIVA0,2000.0,-5.0,28.7
sSUHFIPTIVA0,2000.0,-4.5,27.81
sSUHFIPTIVA0,2000.0,-4.0,26.87
sSUHFIPTIVA0,2000.0,-3.5,25.93
sSUHFIPTIVA0,2000.0,-3.0,24.94
sSUHFIPTIVA0,2000.0,-2.5,23.94
sSUHFIPTIVA0,2000.0,-2.0,22.89
sSUHFIPTIVA0,2000.0,-1.5,22.01
sSUHFIPTIVA0,2000.0,-1.0,21.08
sSUHFIPTIVA0,2000.0,-0.5,20.08
sSUHFIPTIVA0,2000.0,0.0,19.21
sSUHFIPTIVA0,250.0,-30.0,0.24
sSUHFIPTIVA0,250.0,-29.5,0.23
sSUHFIPTIVA0,250.0,-29.0,0.22
sSUHFIPTIVA0,250.0,-28.5,0.24
sSUHFIPTIVA0,250.0,-28.0,0.27
sSUHFIPTIVA0,250.0,-27.5,0.34
sSUHFIPTIVA0,250.0,-27.0,0.28
sSUHFIPTIVA0,250.0,-26.5,0.32
sSUHFIPTIVA0,250.0,-26.0,0.46
sSUHFIPTIVA0,250.0,-25.5,0.67
sSUHFIPTIVA0,250.0,-25.0,1.0
sSUHFIPTIVA0,250.0,-24.5,1.48
sSUHFIPTIVA0,250.0,-24.0,2.08
sSUHFIPTIVA0,250.0,-23.5,2.59
sSUHFIPTIVA0,250.0,-23.0,3.21
sSUHFIPTIVA0,250.0,-22.5,4.01
sSUHFIPTIVA0,250.0,-22.0,4.69
sSUHFIPTIVA0,250.0,-21.5,5.46
sSUHFIPTIVA0,250.0,-21.0,6.15
sSUHFIPTIVA0,250.0,-20.5,6.94
sSUHFIPTIVA0,250.0,-20.0,7.6
sSUHFIPTIVA0,250.0,-19.5,8.35
sSUHFIPTIVA0,250.0,-19.0,9.25
sSUHFIPTIVA0,250.0,-18.5,9.73
sSUHFIPTIVA0,250.0,-18.0,10.07
sSUHFIPTIVA0,250.0,-17.5,10.44
sSUHFIPTIVA0,250.0,-17.0,10.69
sSUHFIPTIVA0,250.0,-16.5,10.96
sSUHFIPTIVA0,250.0,-16.0,11.05
sSUHFIPTIVA0,250.0,-15.5,11.06
sSUHFIPTIVA0,250.0,-15.0,11.11
sSUHFIPTIVA0,250.0,-14.5,10.86
sSUHFIPTIVA0,250.0,-14.0,10.68
sSUHFIPTIVA0,250.0,-13.5,10.61
sSUHFIPTIVA0,250.0,-13.0,10.56
sSUHFIPTIVA0,250.0,-12.5,10.38
sSUHFIPTIVA0,250.0,-12.0,9.89
sSUHFIPTIVA0,250.0,-11.5,9.91
sSUHFIPTIVA0,250.0,-11.0,9.54
sSUHFIPTIVA0,250.0,-10.5,8.84
sSUHFIPTIVA0,250.0,-10.0,8.62
sSUHFIPTIVA0,250.0,-9.5,8.34
sSUHFIPTIVA0,250.0,-9.0,7.96
sSUHFIPTIVA0,250.0,-8.5,7.92
sSUHFIPTIVA0,250.0,-8.0,7.41
sSUHFIPTIVA0,250.0,-7.5,7.23
sSUHFIPTIVA0,250.0,-7.0,6.98
sSUHFIPTIVA0,250.0,-6.5,6.72
sSUHFIPTIVA0,250.0,-6.0,6.45
sSUHFIPTIVA0,250.0,-5.5,6.14
sSUHFIPTIVA0,250.0,-5.0,5.4
sSUHFIPTIVA0,250.0,-4.5,5.44
sSUHFIPTIVA0,250.0,-4.0,4.58
sSUHFIPTIVA0,250.0,-3.5,4.65
sSUHFIPTIVA0,250.0,-3.0,4.69
sSUHFIPTIVA0,250.0,-2.5,4.24
sSUHFIPTIVA0,250.0,-2.0,4.26
sSUHFIPTIVA0,250.0,-1.5,3.8
sSUHFIPTIVA0,250.0,-1.0,3.8
sSUHFIPTIVA0,250.0,-0.5,3.33
sSUHFIPTIVA0,250.0,0.0,3.34
sSUHFIPTIVA0,500.0,-30.0,0.23
sSUHFIPTIVA0,500.0,-29.5,0.22
sSUHFIPTIVA0,500.0,-29.0,0.22
sSUHFIPTIVA0,500.0,-28.5,0.24
sSUHFIPTIVA0,500.0,-28.0,0.28
sSUHFIPTIVA0,500.0,-27.5,0.33
sSUHFIPTIVA0,500.0,-27.0,0.28
sSUHFIPTIVA0,500.0,-26.5,0.36
sSUHFIPTIVA0,500.0,-26.0,0.46
sSUHFIPTIVA0,500.0,-25.5,0.68
sSUHFIPTIVA0,500.0,-25.0,0.95
sSUHFIPTIVA0,500.0,-24.5,1.4
sSUHFIPTIVA0,500.0,-24.0,2.05
sSUHFIPTIVA0,500.0,-23.5,2.74
sSUHFIPTIVA0,500.0,-23.0,3.67
sSUHFIPTIVA0,500.0,-22.5,4.81
sSUHFIPTIVA0,500.0,-22.0,6.08
sSUHFIPTIVA0,500.0,-21.5,7.4
sSUHFIPTIVA0,500.0,-21.0,8.78
sSUHFIPTIVA0,500.0,-20.5,10.05
sSUHFIPTIVA0,500.0,-20.0,11.33
sSUHFIPTIVA0,500.0,-19.5,12.51
sSUHFIPTIVA0,500.0,-19.0,13.56
sSUHFIPTIVA0,500.0,-18.5,14.28
sSUHFIPTIVA0,500.0,-18.0,15.23
sSUHFIPTIVA0,500.0,-17.5,16.01
sSUHFIPTIVA0,500.0,-17.0,17.55
sSUHFIPTIVA0,500.0,-16.5,17.9
sSUHFIPTIVA0,500.0,-16.0,18.19
sSUHFIPTIVA0,500.0,-15.5,18.46
sSUHFIPTIVA0,500.0,-15.0,18.52
sSUHFIPTIVA0,500.0,-14.5,18.56
sSUHFIPTIVA0,500.0,-14.0,18.44
sSUHFIPTIVA0,500.0,-13.5,18.19
sSUHFIPTIVA0,500.0,-13.0,18.01
sSUHFIPTIVA0,500.0,-12.5,17.7
sSUHFIPTIVA0,500.0,-12.0,17.47
sSUHFIPTIVA0,500.0,-11.5,16.96
sSUHFIPTIVA0,500.0,-11.0,16.5
sSUHFIPTIVA0,500.0,-10.5,16.1
sSUHFIPTIVA0,500.0,-10.0,15.61
sSUHFIPTIVA0,500.0,-9.5,15.12
sSUHFIPTIVA0,500.0,-9.0,14.6
sSUHFIPTIVA0,500.0,-8.5,14.17
sSUHFIPTIVA0,500.0,-8.0,13.35
sSUHFIPTIVA0,500.0,-7.5,12.76
sSUHFIPTIVA0,500.0,-7.0,12.37
sSUHFIPTIVA0,500.0,-6.5,11.95
sSUHFIPTIVA0,500.0,-6.0,11.46
sSUHFIPTIVA0,500.0,-5.5,10.94
sSUHFIPTIVA0,500.0,-5.0,10.39
sSUHFIPTIVA0,500.0,-4.5,10.11
sSUHFIPTIVA0,500.0,-4.0,9.43
sSUHFIPTIVA0,500.0,-3.5,9.11
sSUHFIPTIVA0,500.0,-3.0,8.33
sSUHFIPTIVA0,500.0,-2.5,7.91
sSUHFIPTIVA0,500.0,-2.0,7.54
sSUHFIPTIVA0,500.0,-1.5,7.11
sSUHFIPTIVA0,500.0,-1.0,7.14
sSUHFIPTIVA0,500.0,-0.5,6.24
sSUHFIPTIVA0,500.0,0.0,6.25
sSUHFIPTIVA0,750.0,-30.0,0.23
sSUHFIPTIVA0,750.0,-29.5,0.23
sSUHFIPTIVA0,750.0,-29.0,0.22
sSUHFIPTIVA0,750.0,-28.5,0.24
sSUHFIPTIVA0,750.0,-28.0,0.27
sSUHFIPTIVA0,750.0,-27.5,0.33
sSUHFIPTIVA0,750.0,-27.0,0.27
sSUHFIPTIVA0,750.0,-26.5,0.34
sSUHFIPTIVA0,750.0,-26.0,0.45
sSUHFIPTIVA0,750.0,-25.5,0.65
sSUHFIPTIVA0,750.0,-25.0,0.98
sSUHFIPTIVA0,750.0,-24.5,1.42
sSUHFIPTIVA0,750.0,-24.0,1.98
sSUHFIPTIVA0,750.0,-23.5,2.76
sSUHFIPTIVA0,750.0,-23.0,3.71
sSUHFIPTIVA0,750.0,-22.5,4.85
sSUHFIPTIVA0,750.0,-22.0,6.01
sSUHFIPTIVA0,750.0,-21.5,4.92
sSUHFIPTIVA0,750.0,-21.0,6.36
sSUHFIPTIVA0,750.0,-20.5,7.93
sSUHFIPTIVA0,750.0,-20.0,10.16
sSUHFIPTIVA0,750.0,-19.5,12.23
sSUHFIPTIVA0,750.0,-19.0,14.12
sSUHFIPTIVA0,750.0,-18.5,15.78
sSUHFIPTIVA0,750.0,-18.0,17.33
sSUHFIPTIVA0,750.0,-17.5,18.76
sSUHFIPTIVA0,750.0,-17.0,19.75
sSUHFIPTIVA0,750.0,-16.5,20.48
sSUHFIPTIVA0,750.0,-16.0,21.31
sSUHFIPTIVA0,750.0,-15.5,22.09
sSUHFIPTIVA0,750.0,-15.0,23.53
sSUHFIPTIVA0,750.0,-14.5,23.83
sSUHFIPTIVA0,750.0,-14.0,23.92
sSUHFIPTIVA0,750.0,-13.5,23.79
sSUHFIPTIVA0,750.0,-13.0,23.56
sSUHFIPTIVA0,750.0,-12.5,23.38
sSUHFIPTIVA0,750.0,-12.0,23.1
sSUHFIPTIVA0,750.0,-11.5,22.59
sSUHFIPTIVA0,750.0,-11.0,22.22
sSUHFIPTIVA0,750.0,-10.5,21.67
sSUHFIPTIVA0,750.0,-10.0,21.1
sSUHFIPTIVA0,750.0,-9.5,20.47
sSUHFIPTIVA0,750.0,-9.0,19.91
sSUHFIPTIVA0,750.0,-8.5,19.21
sSUHFIPTIVA0,750.0,-8.0,18.74
sSUHFIPTIVA0,750.0,-7.5,17.97
sSUHFIPTIVA0,750.0,-7.0,17.29
sSUHFIPTIVA0,750.0,-6.5,16.54
sSUHFIPTIVA0,750.0,-6.0,15.66
sSUHFIPTIVA0,750.0,-5.5,15.03
sSUHFIPTIVA0,750.0,-5.0,14.6
sSUHFIPTIVA0,750.0,-4.5,13.86
sSUHFIPTIVA0,750.0,-4.0,13.26
sSUHFIPTIVA0,750.0,-3.5,12.69
sSUHFIPTIVA0,750.0,-3.0,12.07
sSUHFIPTIVA0,750.0,-2.5,11.4
sSUHFIPTIVA0,750.0,-2.0,10.71
sSUHFIPTIVA0,750.0,-1.5,10.34
sSUHFIPTIVA0,750.0,-1.0,9.58
sSUHFIPTIVA0,750.0,-0.5,9.2
sSUHFIPTIVA0,750.0,0.0,8.4
SMS7630005LF,1000.0,-25.0,1.27
SMS7630005LF,1000.0,-24.5,1.35
SMS7630005LF,1000.0,-24.0,1.43
SMS7630005LF,1000.0,-23.5,1.52
SMS7630005LF,1000.0,-23.0,1.6
SMS7630005LF,1000.0,-22.5,1.72
SMS7630005LF,1000.0,-22.0,1.77
SMS7630005LF,1000.0,-21.5,1.84
SMS7630005LF,1000.0,-21.0,1.92
SMS7630005LF,1000.0,-20.5,2.02
SMS7630005LF,1000.0,-20.0,2.07
SMS7630005LF,1000.0,-19.5,2.13
SMS7630005LF,1000.0,-19.0,2.22
SMS7630005LF,1000.0,-18.5,2.25
SMS7630005LF,1000.0,-18.0,2.3
SMS7630005LF,1000.0,-17.5,2.36
SMS7630005LF,1000.0,-17.0,2.4
SMS7630005LF,1000.0,-16.5,2.44
SMS7630005LF,1000.0,-16.0,2.48
SMS7630005LF,1000.0,-15.5,2.49
SMS7630005LF,1000.0,-15.0,2.52
SMS7630005LF,1000.0,-14.5,2.55
SMS7630005LF,1000.0,-14.0,2.57
SMS7630005LF,1000.0,-13.5,3.16
SMS7630005LF,1000.0,-13.0,11.48
SMS7630005LF,1000.0,-12.5,21.1
SMS7630005LF,1000.0,-12.0,24.64
SMS7630005LF,1000.0,-11.5,29.57
SMS7630005LF,1000.0,-11.0,34.12
SMS7630005LF,1000.0,-10.5,37.84
SMS7630005LF,1000.0,-10.0,40.98
SMS7630005LF,1000.0,-9.5,43.26
SMS7630005LF,1000.0,-9.0,45.03
SMS7630005LF,1000.0,-8.5,46.44
SMS7630005LF,1000.0,-8.0,47.2
SMS7630005LF,1000.0,-7.5,47.56
SMS7630005LF,1000.0,-7.0,47.6
SMS7630005LF,1000.0,-6.5,47.4
SMS7630005LF,1000.0,-6.0,47.16
SMS7630005LF,1000.0,-5.5,46.68
SMS7630005LF,1000.0,-5.0,45.98
SMS7630005LF,1000.0,-4.5,44.96
SMS7630005LF,1000.0,-4.0,44.52
SMS7630005LF,1000.0,-3.5,43.39
SMS7630005LF,1000.0,-3.0,42.13
SMS7630005LF,1000.0,-2.5,40.93
SMS7630005LF,1000.0,-2.0,39.46
SMS7630005LF,1000.0,-1.5,38.11
SMS7630005LF,1000.0,-1.0,36.92
SMS7630005LF,1000.0,-0.5,35.7
SMS7630005LF,1000.0,0.0,34.45
SMS7630005LF,1000.0,0.5,34.35
SMS7630005LF,1000.0,1.0,32.87
SMS7630005LF,1000.0,1.5,31.45
SMS7630005LF,1000.0,2.0,30.03
SMS7630005LF,1000.0,2.5,28.87
SMS7630005LF,1000.0,3.0,27.61
SMS7630005LF,1000.0,3.5,26.71
SMS7630005LF,1000.0,4.0,25.15
SMS7630005LF,1000.0,4.5,22.15
SMS7630005LF,1000.0,5.0,21.35
SMS7630005LF,1000.0,5.5,20.18
SMS7630005LF,1000.0,6.0,19.13
SMS7630005LF,1000.0,6.5,18.41
SMS7630005LF,1000.0,7.0,17.53
SMS7630005LF,1000.0,7.5,16.7
SMS7630005LF,1000.0,8.0,15.91
SMS7630005LF,1000.0,8.5,15.04
SMS7630005LF,1000.0,9.0,14.29
SMS7630005LF,1000.0,9.5,13.42
SMS7630005LF,1000.0,10.0,13.0
SMS7630005LF,1250.0,-25.0,1.25
SMS7630005LF,1250.0,-24.5,1.35
SMS7630005LF,1250.0,-24.0,1.46
SMS7630005LF,1250.0,-23.5,1.52
SMS7630005LF,1250.0,-23.0,1.6
SMS7630005LF,1250.0,-22.5,1.68
SMS7630005LF,1250.0,-22.0,1.77
SMS7630005LF,1250.0,-21.5,1.84
SMS7630005LF,1250.0,-21.0,1.93
SMS7630005LF,1250.0,-20.5,1.99
SMS7630005LF,1250.0,-20.0,2.07
SMS7630005LF,1250.0,-19.5,2.14
SMS7630005LF,1250.0,-19.0,2.19
SMS7630005LF,1250.0,-18.5,2.25
SMS7630005LF,1250.0,-18.0,2.3
SMS7630005LF,1250.0,-17.5,2.36
SMS7630005LF,1250.0,-17.0,2.4
SMS7630005LF,1250.0,-16.5,2.44
SMS7630005LF,1250.0,-16.0,2.48
SMS7630005LF,1250.0,-15.5,2.52
SMS7630005LF,1250.0,-15.0,2.52
SMS7630005LF,1250.0,-14.5,2.55
SMS7630005LF,1250.0,-14.0,2.57
SMS7630005LF,1250.0,-13.5,2.58
SMS7630005LF,1250.0,-13.0,2.59
SMS7630005LF,1250.0,-12.5,2.61
SMS7630005LF,1250.0,-12.0,2.62
SMS7630005LF,1250.0,-11.5,5.86
SMS7630005LF,1250.0,-11.0,14.83
SMS7630005LF,1250.0,-10.5,21.52
SMS7630005LF,1250.0,-10.0,27.49
SMS7630005LF,1250.0,-9.5,32.77
SMS7630005LF,1250.0,-9.0,37.2
SMS7630005LF,1250.0,-8.5,40.77
SMS7630005LF,1250.0,-8.0,43.76
SMS7630005LF,1250.0,-7.5,45.89
SMS7630005LF,1250.0,-7.0,47.39
SMS7630005LF,1250.0,-6.5,48.41
SMS7630005LF,1250.0,-6.0,48.92
SMS7630005LF,1250.0,-5.5,49.13
SMS7630005LF,1250.0,-5.0,48.98
SMS7630005LF,1250.0,-4.5,48.56
SMS7630005LF,1250.0,-4.0,49.0
SMS7630005LF,1250.0,-3.5,48.33
SMS7630005LF,1250.0,-3.0,47.38
SMS7630005LF,1250.0,-2.5,46.37
SMS7630005LF,1250.0,-2.0,45.21
SMS7630005LF,1250.0,-1.5,44.01
SMS7630005LF,1250.0,-1.0,42.69
SMS7630005LF,1250.0,-0.5,41.3
SMS7630005LF,1250.0,0.0,40.0
SMS7630005LF,1250.0,0.5,40.03
SMS7630005LF,1250.0,1.0,38.67
SMS7630005LF,1250.0,1.5,37.24
SMS7630005LF,1250.0,2.0,35.82
SMS7630005LF,1250.0,2.5,34.44
SMS7630005LF,1250.0,3.0,32.77
SMS7630005LF,1250.0,3.5,31.62
SMS7630005LF,1250.0,4.0,30.13
SMS7630005LF,1250.0,4.5,26.62
SMS7630005LF,1250.0,5.0,25.5
SMS7630005LF,1250.0,5.5,24.37
SMS7630005LF,1250.0,6.0,23.28
SMS7630005LF,1250.0,6.5,22.26
SMS7630005LF,1250.0,7.0,21.27
SMS7630005LF,1250.0,7.5,20.21
SMS7630005LF,1250.0,8.0,19.05
SMS7630005LF,1250.0,8.5,18.15
SMS7630005LF,1250.0,9.0,17.4
SMS7630005LF,1250.0,9.5,16.86
SMS7630005LF,1250.0,10.0,16.0
SMS7630005LF,1500.0,-25.0,1.27
SMS7630005LF,1500.0,-24.5,1.36
SMS7630005LF,1500.0,-24.0,1.43
SMS7630005LF,1500.0,-23.5,1.52
SMS7630005LF,1500.0,-23.0,1.61
SMS7630005LF,1500.0,-22.5,1.68
SMS7630005LF,1500.0,-22.0,1.79
SMS7630005LF,1500.0,-21.5,1.84
SMS7630005LF,1500.0,-21.0,1.95
SMS7630005LF,1500.0,-20.5,2.0
SMS7630005LF,1500.0,-20.0,2.07
SMS7630005LF,1500.0,-19.5,2.12
SMS7630005LF,1500.0,-19.0,2.19
SMS7630005LF,1500.0,-18.5,2.25
SMS7630005LF,1500.0,-18.0,2.3
SMS7630005LF,1500.0,-17.5,2.35
SMS7630005LF,1500.0,-17.0,2.4
SMS7630005LF,1500.0,-16.5,2.44
SMS7630005LF,1500.0,-16.0,2.49
SMS7630005LF,1500.0,-15.5,2.49
SMS7630005LF,1500.0,-15.0,2.52
SMS7630005LF,1500.0,-14.5,2.54
SMS7630005LF,1500.0,-14.0,2.56
SMS7630005LF,1500.0,-13.5,2.58
SMS7630005LF,1500.0,-13.0,2.59
SMS7630005LF,1500.0,-12.5,2.61
SMS7630005LF,1500.0,-12.0,2.62
SMS7630005LF,1500.0,-11.5,2.59
SMS7630005LF,1500.0,-11.0,2.6
SMS7630005LF,1500.0,-10.5,2.59
SMS7630005LF,1500.0,-10.0,5.41
SMS7630005LF,1500.0,-9.5,14.5
SMS7630005LF,1500.0,-9.0,21.72
SMS7630005LF,1500.0,-8.5,28.11
SMS7630005LF,1500.0,-8.0,33.41
SMS7630005LF,1500.0,-7.5,37.9
SMS7630005LF,1500.0,-7.0,41.52
SMS7630005LF,1500.0,-6.5,44.52
SMS7630005LF,1500.0,-6.0,46.7
SMS7630005LF,1500.0,-5.5,48.29
SMS7630005LF,1500.0,-5.0,49.46
SMS7630005LF,1500.0,-4.5,49.97
SMS7630005LF,1500.0,-4.0,50.74
SMS7630005LF,1500.0,-3.5,50.44
SMS7630005LF,1500.0,-3.0,50.48
SMS7630005LF,1500.0,-2.5,49.95
SMS7630005LF,1500.0,-2.0,49.21
SMS7630005LF,1500.0,-1.5,48.36
SMS7630005LF,1500.0,-1.0,47.13
SMS7630005LF,1500.0,-0.5,45.89
SMS7630005LF,1500.0,0.0,44.65
SMS7630005LF,1500.0,0.5,44.92
SMS7630005LF,1500.0,1.0,43.56
SMS7630005LF,1500.0,1.5,42.1
SMS7630005LF,1500.0,2.0,40.36
SMS7630005LF,1500.0,2.5,39.03
SMS7630005LF,1500.0,3.0,37.56
SMS7630005LF,1500.0,3.5,36.07
SMS7630005LF,1500.0,4.0,34.59
SMS7630005LF,1500.0,4.5,30.74
SMS7630005LF,1500.0,5.0,29.48
SMS7630005LF,1500.0,5.5,28.17
SMS7630005LF,1500.0,6.0,26.96
SMS7630005LF,1500.0,6.5,25.91
SMS7630005LF,1500.0,7.0,24.55
SMS7630005LF,1500.0,7.5,23.57
SMS7630005LF,1500.0,8.0,22.49
SMS7630005LF,1500.0,8.5,21.45
SMS7630005LF,1500.0,9.0,20.36
SMS7630005LF,1500.0,9.5,19.56
SMS7630005LF,1500.0,10.0,18.63
SMS7630005LF,1750.0,-25.0,1.27
SMS7630005LF,1750.0,-24.5,1.35
SMS7630005LF,1750.0,-24.0,1.43
SMS7630005LF,1750.0,-23.5,1.52
SMS7630005LF,1750.0,-23.0,1.6
SMS7630005LF,1750.0,-22.5,1.68
SMS7630005LF,1750.0,-22.0,1.77
SMS7630005LF,1750.0,-21.5,1.84
SMS7630005LF,1750.0,-21.0,1.92
SMS7630005LF,1750.0,-20.5,1.99
SMS7630005LF,1750.0,-20.0,2.1
SMS7630005LF,1750.0,-19.5,2.13
SMS7630005LF,1750.0,-19.0,2.19
SMS7630005LF,1750.0,-18.5,2.25
SMS7630005LF,1750.0,-18.0,2.3
SMS7630005LF,1750.0,-17.5,2.35
SMS7630005LF,1750.0,-17.0,2.39
SMS7630005LF,1750.0,-16.5,2.44
SMS7630005LF,1750.0,-16.0,2.48
SMS7630005LF,1750.0,-15.5,2.49
SMS7630005LF,1750.0,-15.0,2.54
SMS7630005LF,1750.0,-14.5,2.55
SMS7630005LF,1750.0,-14.0,2.58
SMS7630005LF,1750.0,-13.5,2.58
SMS7630005LF,1750.0,-13.0,2.59
SMS7630005LF,1750.0,-12.5,2.61
SMS7630005LF,1750.0,-12.0,2.62
SMS7630005LF,1750.0,-11.5,2.59
SMS7630005LF,1750.0,-11.0,2.6
SMS7630005LF,1750.0,-10.5,2.59
SMS7630005LF,1750.0,-10.0,2.6
SMS7630005LF,1750.0,-9.5,2.58
SMS7630005LF,1750.0,-9.0,2.57
SMS7630005LF,1750.0,-8.5,8.56
SMS7630005LF,1750.0,-8.0,17.66
SMS7630005LF,1750.0,-7.5,24.2
SMS7630005LF,1750.0,-7.0,30.44
SMS7630005LF,1750.0,-6.5,35.72
SMS7630005LF,1750.0,-6.0,40.03
SMS7630005LF,1750.0,-5.5,43.6
SMS7630005LF,1750.0,-5.0,46.09
SMS7630005LF,1750.0,-4.5,48.29
SMS7630005LF,1750.0,-4.0,50.0
SMS7630005LF,1750.0,-3.5,50.92
SMS7630005LF,1750.0,-3.0,51.33
SMS7630005LF,1750.0,-2.5,51.34
SMS7630005LF,1750.0,-2.0,51.16
SMS7630005LF,1750.0,-1.5,50.95
SMS7630005LF,1750.0,-1.0,50.3
SMS7630005LF,1750.0,-0.5,49.42
SMS7630005LF,1750.0,0.0,48.44
SMS7630005LF,1750.0,0.5,48.87
SMS7630005LF,1750.0,1.0,47.59
SMS7630005LF,1750.0,1.5,46.24
SMS7630005LF,1750.0,2.0,44.88
SMS7630005LF,1750.0,2.5,43.31
SMS7630005LF,1750.0,3.0,41.77
SMS7630005LF,1750.0,3.5,40.36
SMS7630005LF,1750.0,4.0,38.68
SMS7630005LF,1750.0,4.5,34.63
SMS7630005LF,1750.0,5.0,33.18
SMS7630005LF,1750.0,5.5,31.82
SMS7630005LF,1750.0,6.0,30.36
SMS7630005LF,1750.0,6.5,29.21
SMS7630005LF,1750.0,7.0,27.81
SMS7630005LF,1750.0,7.5,26.65
SMS7630005LF,1750.0,8.0,25.45
SMS7630005LF,1750.0,8.5,24.41
SMS7630005LF,1750.0,9.0,23.05
SMS7630005LF,1750.0,9.5,22.39
SMS7630005LF,1750.0,10.0,21.27
SMS7630005LF,2000.0,-25.0,1.27
SMS7630005LF,2000.0,-24.5,1.36
SMS7630005LF,2000.0,-24.0,1.43
SMS7630005LF,2000.0,-23.5,1.52
SMS7630005LF,2000.0,-23.0,1.61
SMS7630005LF,2000.0,-22.5,1.68
SMS7630005LF,2000.0,-22.0,1.77
SMS7630005LF,2000.0,-21.5,1.84
SMS7630005LF,2000.0,-21.0,1.92
SMS7630005LF,2000.0,-20.5,1.99
SMS7630005LF,2000.0,-20.0,2.07
SMS7630005LF,2000.0,-19.5,2.13
SMS7630005LF,2000.0,-19.0,2.19
SMS7630005LF,2000.0,-18.5,2.25
SMS7630005LF,2000.0,-18.0,2.3
SMS7630005LF,2000.0,-17.5,2.35
SMS7630005LF,2000.0,-17.0,2.39
SMS7630005LF,2000.0,-16.5,2.44
SMS7630005LF,2000.0,-16.0,2.48
SMS7630005LF,2000.0,-15.5,2.5
SMS7630005LF,2000.0,-15.0,2.52
SMS7630005LF,2000.0,-14.5,2.54
SMS7630005LF,2000.0,-14.0,2.57
SMS7630005LF,2000.0,-13.5,2.58
SMS7630005LF,2000.0,-13.0,2.59
SMS7630005LF,2000.0,-12.5,2.61
SMS7630005LF,2000.0,-12.0,2.62
SMS7630005LF,2000.0,-11.5,2.59
SMS7630005LF,2000.0,-11.0,2.59
SMS7630005LF,2000.0,-10.5,2.59
SMS7630005LF,2000.0,-10.0,2.59
SMS7630005LF,2000.0,-9.5,2.58
SMS7630005LF,2000.0,-9.0,2.57
SMS7630005LF,2000.0,-8.5,2.57
SMS7630005LF,2000.0,-8.0,2.55
SMS7630005LF,2000.0,-7.5,4.9
SMS7630005LF,2000.0,-7.0,14.34
SMS7630005LF,2000.0,-6.5,21.93
SMS7630005LF,2000.0,-6.0,28.66
SMS7630005LF,2000.0,-5.5,34.45
SMS7630005LF,2000.0,-5.0,39.15
SMS7630005LF,2000.0,-4.5,42.89
SMS7630005LF,2000.0,-4.0,46.23
SMS7630005LF,2000.0,-3.5,48.36
SMS7630005LF,2000.0,-3.0,50.11
SMS7630005LF,2000.0,-2.5,50.99
SMS7630005LF,2000.0,-2.0,51.61
SMS7630005LF,2000.0,-1.5,51.95
SMS7630005LF,2000.0,-1.0,51.51
SMS7630005LF,2000.0,-0.5,51.51
SMS7630005LF,2000.0,0.0,50.9
SMS7630005LF,2000.0,0.5,51.79
SMS7630005LF,2000.0,1.0,50.7
SMS7630005LF,2000.0,1.5,49.55
SMS7630005LF,2000.0,2.0,48.35
SMS7630005LF,2000.0,2.5,46.86
SMS7630005LF,2000.0,3.0,45.53
SMS7630005LF,2000.0,3.5,44.0
SMS7630005LF,2000.0,4.0,42.48
SMS7630005LF,2000.0,4.5,37.94
SMS7630005LF,2000.0,5.0,36.4
SMS7630005LF,2000.0,5.5,35.11
SMS7630005LF,2000.0,6.0,33.76
SMS7630005LF,2000.0,6.5,32.27
SMS7630005LF,2000.0,7.0,30.78
SMS7630005LF,2000.0,7.5,29.46
SMS7630005LF,2000.0,8.0,28.27
SMS7630005LF,2000.0,8.5,27.14
SMS7630005LF,2000.0,9.0,25.92
SMS7630005LF,2000.0,9.5,24.93
SMS7630005LF,2000.0,10.0,23.58
SMS7630005LF,250.0,-25.0,1.31
SMS7630005LF,250.0,-24.5,1.4
SMS7630005LF,250.0,-24.0,1.5
SMS7630005LF,250.0,-23.5,1.57
SMS7630005LF,250.0,-23.0,1.65
SMS7630005LF,250.0,-22.5,3.51
SMS7630005LF,250.0,-22.0,8.6
SMS7630005LF,250.0,-21.5,13.72
SMS7630005LF,250.0,-21.0,16.91
SMS7630005LF,250.0,-20.5,20.42
SMS7630005LF,250.0,-20.0,23.5
SMS7630005LF,250.0,-19.5,25.84
SMS7630005LF,250.0,-19.0,27.92
SMS7630005LF,250.0,-18.5,29.67
SMS7630005LF,250.0,-18.0,31.37
SMS7630005LF,250.0,-17.5,31.95
SMS7630005LF,250.0,-17.0,32.78
SMS7630005LF,250.0,-16.5,33.18
SMS7630005LF,250.0,-16.0,33.57
SMS7630005LF,250.0,-15.5,33.53
SMS7630005LF,250.0,-15.0,33.53
SMS7630005LF,250.0,-14.5,33.36
SMS7630005LF,250.0,-14.0,33.25
SMS7630005LF,250.0,-13.5,32.36
SMS7630005LF,250.0,-13.0,31.7
SMS7630005LF,250.0,-12.5,31.0
SMS7630005LF,250.0,-12.0,30.17
SMS7630005LF,250.0,-11.5,29.52
SMS7630005LF,250.0,-11.0,28.75
SMS7630005LF,250.0,-10.5,27.85
SMS7630005LF,250.0,-10.0,26.87
SMS7630005LF,250.0,-9.5,25.93
SMS7630005LF,250.0,-9.0,24.95
SMS7630005LF,250.0,-8.5,23.99
SMS7630005LF,250.0,-8.0,23.67
SMS7630005LF,250.0,-7.5,22.96
SMS7630005LF,250.0,-7.0,21.44
SMS7630005LF,250.0,-6.5,20.62
SMS7630005LF,250.0,-6.0,19.66
SMS7630005LF,250.0,-5.5,18.96
SMS7630005LF,250.0,-5.0,18.24
SMS7630005LF,250.0,-4.5,17.76
SMS7630005LF,250.0,-4.0,16.49
SMS7630005LF,250.0,-3.5,15.82
SMS7630005LF,250.0,-3.0,15.55
SMS7630005LF,250.0,-2.5,14.85
SMS7630005LF,250.0,-2.0,13.76
SMS7630005LF,250.0,-1.5,13.39
SMS7630005LF,250.0,-1.0,12.54
SMS7630005LF,250.0,-0.5,11.75
SMS7630005LF,250.0,0.0,11.6
SMS7630005LF,250.0,0.5,11.16
SMS7630005LF,250.0,1.0,10.92
SMS7630005LF,250.0,1.5,10.21
SMS7630005LF,250.0,2.0,9.79
SMS7630005LF,250.0,2.5,9.3
SMS7630005LF,250.0,3.0,8.7
SMS7630005LF,250.0,3.5,8.13
SMS7630005LF,250.0,4.0,7.55
SMS7630005LF,250.0,4.5,6.92
SMS7630005LF,250.0,5.0,6.44
SMS7630005LF,250.0,5.5,5.88
SMS7630005LF,250.0,6.0,5.92
SMS7630005LF,250.0,6.5,5.42
SMS7630005LF,250.0,7.0,5.44
SMS7630005LF,250.0,7.5,4.89
SMS7630005LF,250.0,8.0,4.91
SMS7630005LF,250.0,8.5,4.3
SMS7630005LF,250.0,9.0,4.35
SMS7630005LF,250.0,9.5,3.83
SMS7630005LF,250.0,10.0,3.83
SMS7630005LF,500.0,-25.0,1.28
SMS7630005LF,500.0,-24.5,1.37
SMS7630005LF,500.0,-24.0,1.5
SMS7630005LF,500.0,-23.5,1.54
SMS7630005LF,500.0,-23.0,1.62
SMS7630005LF,500.0,-22.5,1.7
SMS7630005LF,500.0,-22.0,1.79
SMS7630005LF,500.0,-21.5,1.87
SMS7630005LF,500.0,-21.0,1.98
SMS7630005LF,500.0,-20.5,2.01
SMS7630005LF,500.0,-20.0,2.09
SMS7630005LF,500.0,-19.5,2.17
SMS7630005LF,500.0,-19.0,2.2
SMS7630005LF,500.0,-18.5,3.43
SMS7630005LF,500.0,-18.0,9.73
SMS7630005LF,500.0,-17.5,17.98
SMS7630005LF,500.0,-17.0,20.8
SMS7630005LF,500.0,-16.5,25.21
SMS7630005LF,500.0,-16.0,29.06
SMS7630005LF,500.0,-15.5,32.14
SMS7630005LF,500.0,-15.0,34.72
SMS7630005LF,500.0,-14.5,36.9
SMS7630005LF,500.0,-14.0,38.59
SMS7630005LF,500.0,-13.5,39.77
SMS7630005LF,500.0,-13.0,40.46
SMS7630005LF,500.0,-12.5,40.94
SMS7630005LF,500.0,-12.0,41.14
SMS7630005LF,500.0,-11.5,41.11
SMS7630005LF,500.0,-11.0,41.12
SMS7630005LF,500.0,-10.5,40.65
SMS7630005LF,500.0,-10.0,40.05
SMS7630005LF,500.0,-9.5,39.39
SMS7630005LF,500.0,-9.0,38.5
SMS7630005LF,500.0,-8.5,37.64
SMS7630005LF,500.0,-8.0,36.75
SMS7630005LF,500.0,-7.5,35.68
SMS7630005LF,500.0,-7.0,34.75
SMS7630005LF,500.0,-6.5,33.46
SMS7630005LF,500.0,-6.0,32.39
SMS7630005LF,500.0,-5.5,31.25
SMS7630005LF,500.0,-5.0,30.04
SMS7630005LF,500.0,-4.5,28.95
SMS7630005LF,500.0,-4.0,28.23
SMS7630005LF,500.0,-3.5,27.12
SMS7630005LF,500.0,-3.0,26.21
SMS7630005LF,500.0,-2.5,24.84
SMS7630005LF,500.0,-2.0,23.9
SMS7630005LF,500.0,-1.5,22.93
SMS7630005LF,500.0,-1.0,21.74
SMS7630005LF,500.0,-0.5,20.82
SMS7630005LF,500.0,0.0,20.04
SMS7630005LF,500.0,0.5,20.16
SMS7630005LF,500.0,1.0,18.93
SMS7630005LF,500.0,1.5,18.23
SMS7630005LF,500.0,2.0,17.63
SMS7630005LF,500.0,2.5,16.55
SMS7630005LF,500.0,3.0,15.64
SMS7630005LF,500.0,3.5,14.71
SMS7630005LF,500.0,4.0,14.33
SMS7630005LF,500.0,4.5,12.12
SMS7630005LF,500.0,5.0,11.72
SMS7630005LF,500.0,5.5,11.28
SMS7630005LF,500.0,6.0,10.28
SMS7630005LF,500.0,6.5,10.3
SMS7630005LF,500.0,7.0,9.25
SMS7630005LF,500.0,7.5,8.74
SMS7630005LF,500.0,8.0,8.29
SMS7630005LF,500.0,8.5,8.31
SMS7630005LF,500.0,9.0,7.76
SMS7630005LF,500.0,9.5,7.4
SMS7630005LF,500.0,10.0,6.88
SMS7630005LF,750.0,-25.0,1.27
SMS7630005LF,750.0,-24.5,1.36
SMS7630005LF,750.0,-24.0,1.43
SMS7630005LF,750.0,-23.5,1.52
SMS7630005LF,750.0,-23.0,1.61
SMS7630005LF,750.0,-22.5,1.7
SMS7630005LF,750.0,-22.0,1.77
SMS7630005LF,750.0,-21.5,1.86
SMS7630005LF,750.0,-21.0,1.93
SMS7630005LF,750.0,-20.5,2.0
SMS7630005LF,750.0,-20.0,2.07
SMS7630005LF,750.0,-19.5,2.13
SMS7630005LF,750.0,-19.0,2.2
SMS7630005LF,750.0,-18.5,2.25
SMS7630005LF,750.0,-18.0,2.3
SMS7630005LF,750.0,-17.5,2.36
SMS7630005LF,750.0,-17.0,2.4
SMS7630005LF,750.0,-16.5,2.45
SMS7630005LF,750.0,-16.0,2.49
SMS7630005LF,750.0,-15.5,5.9
SMS7630005LF,750.0,-15.0,13.58
SMS7630005LF,750.0,-14.5,20.12
SMS7630005LF,750.0,-14.0,25.1
SMS7630005LF,750.0,-13.5,29.68
SMS7630005LF,750.0,-13.0,33.68
SMS7630005LF,750.0,-12.5,36.85
SMS7630005LF,750.0,-12.0,39.78
SMS7630005LF,750.0,-11.5,41.73
SMS7630005LF,750.0,-11.0,43.05
SMS7630005LF,750.0,-10.5,44.5
SMS7630005LF,750.0,-10.0,44.79
SMS7630005LF,750.0,-9.5,45.1
SMS7630005LF,750.0,-9.0,45.09
SMS7630005LF,750.0,-8.5,44.85
SMS7630005LF,750.0,-8.0,44.82
SMS7630005LF,750.0,-7.5,44.25
SMS7630005LF,750.0,-7.0,43.9
SMS7630005LF,750.0,-6.5,42.95
SMS7630005LF,750.0,-6.0,41.62
SMS7630005LF,750.0,-5.5,40.6
SMS7630005LF,750.0,-5.0,39.68
SMS7630005LF,750.0,-4.5,38.45
SMS7630005LF,750.0,-4.0,37.54
SMS7630005LF,750.0,-3.5,36.28
SMS7630005LF,750.0,-3.0,34.94
SMS7630005LF,750.0,-2.5,34.05
SMS7630005LF,750.0,-2.0,32.36
SMS7630005LF,750.0,-1.5,31.15
SMS7630005LF,750.0,-1.0,29.94
SMS7630005LF,750.0,-0.5,28.82
SMS7630005LF,750.0,0.0,27.61
SMS7630005LF,750.0,0.5,27.52
SMS7630005LF,750.0,1.0,26.05
SMS7630005LF,750.0,1.5,25.12
SMS7630005LF,750.0,2.0,24.13
SMS7630005LF,750.0,2.5,23.07
SMS7630005LF,750.0,3.0,22.04
SMS7630005LF,750.0,3.5,20.88
SMS7630005LF,750.0,4.0,19.82
SMS7630005LF,750.0,4.5,17.42
SMS7630005LF,750.0,5.0,16.7
SMS7630005LF,750.0,5.5,15.94
SMS7630005LF,750.0,6.0,15.15
SMS7630005LF,750.0,6.5,14.34
SMS7630005LF,750.0,7.0,13.39
SMS7630005LF,750.0,7.5,12.97
SMS7630005LF,750.0,8.0,12.06
SMS7630005LF,750.0,8.5,11.62
SMS7630005LF,750.0,9.0,11.2
SMS7630005LF,750.0,9.5,10.67
SMS7630005LF,750.0,10.0,10.18
SMS7621005LF,1000.0,-25.0,0.38
SMS7621005LF,1000.0,-24.5,0.4
SMS7621005LF,1000.0,-24.0,0.42
SMS7621005LF,1000.0,-23.5,0.43
SMS7621005LF,1000.0,-23.0,0.45
SMS7621005LF,1000.0,-22.5,0.47
SMS7621005LF,1000.0,-22.0,0.49
SMS7621005LF,1000.0,-21.5,0.51
SMS7621005LF,1000.0,-21.0,0.55
SMS7621005LF,1000.0,-20.5,0.58
SMS7621005LF,1000.0,-20.0,0.6
SMS7621005LF,1000.0,-19.5,0.61
SMS7621005LF,1000.0,-19.0,0.64
SMS7621005LF,1000.0,-18.5,0.67
SMS7621005LF,1000.0,-18.0,0.7
SMS7621005LF,1000.0,-17.5,0.73
SMS7621005LF,1000.0,-17.0,0.76
SMS7621005LF,1000.0,-16.5,0.79
SMS7621005LF,1000.0,-16.0,0.82
SMS7621005LF,1000.0,-15.5,0.84
SMS7621005LF,1000.0,-15.0,0.87
SMS7621005LF,1000.0,-14.5,0.89
SMS7621005LF,1000.0,-14.0,0.92
SMS7621005LF,1000.0,-13.5,0.95
SMS7621005LF,1000.0,-13.0,0.99
SMS7621005LF,1000.0,-12.5,1.01
SMS7621005LF,1000.0,-12.0,1.04
SMS7621005LF,1000.0,-11.5,1.06
SMS7621005LF,1000.0,-11.0,1.08
SMS7621005LF,1000.0,-10.5,1.11
SMS7621005LF,1000.0,-10.0,1.13
SMS7621005LF,1000.0,-9.5,3.39
SMS7621005LF,1000.0,-9.0,8.16
SMS7621005LF,1000.0,-8.5,14.07
SMS7621005LF,1000.0,-8.0,19.86
SMS7621005LF,1000.0,-7.5,26.5
SMS7621005LF,1000.0,-7.0,32.28
SMS7621005LF,1000.0,-6.5,37.43
SMS7621005LF,1000.0,-6.0,42.25
SMS7621005LF,1000.0,-5.5,45.57
SMS7621005LF,1000.0,-5.0,48.66
SMS7621005LF,1000.0,-4.5,50.88
SMS7621005LF,1000.0,-4.0,52.04
SMS7621005LF,1000.0,-3.5,53.37
SMS7621005LF,1000.0,-3.0,54.25
SMS7621005LF,1000.0,-2.5,54.64
SMS7621005LF,1000.0,-2.0,54.8
SMS7621005LF,1000.0,-1.5,54.53
SMS7621005LF,1000.0,-1.0,54.06
SMS7621005LF,1000.0,-0.5,53.58
SMS7621005LF,1000.0,0.0,52.89
SMS7621005LF,1000.0,0.5,52.27
SMS7621005LF,1000.0,1.0,51.56
SMS7621005LF,1000.0,1.5,50.47
SMS7621005LF,1000.0,2.0,49.19
SMS7621005LF,1000.0,2.5,47.81
SMS7621005LF,1000.0,3.0,46.35
SMS7621005LF,1000.0,3.5,45.46
SMS7621005LF,1000.0,4.0,43.39
SMS7621005LF,1000.0,4.5,39.97
SMS7621005LF,1000.0,5.0,38.45
SMS7621005LF,1000.0,5.5,36.51
SMS7621005LF,1000.0,6.0,34.6
SMS7621005LF,1000.0,6.5,33.72
SMS7621005LF,1000.0,7.0,32.23
SMS7621005LF,1000.0,7.5,31.1
SMS7621005LF,1000.0,8.0,28.54
SMS7621005LF,1000.0,8.5,27.36
SMS7621005LF,1000.0,9.0,25.94
SMS7621005LF,1000.0,9.5,25.05
SMS7621005LF,1000.0,10.0,25.29
SMS7621005LF,1250.0,-25.0,0.39
SMS7621005LF,1250.0,-24.5,0.4
SMS7621005LF,1250.0,-24.0,0.42
SMS7621005LF,1250.0,-23.5,0.43
SMS7621005LF,1250.0,-23.0,0.46
SMS7621005LF,1250.0,-22.5,0.47
SMS7621005LF,1250.0,-22.0,0.49
SMS7621005LF,1250.0,-21.5,0.52
SMS7621005LF,1250.0,-21.0,0.55
SMS7621005LF,1250.0,-20.5,0.57
SMS7621005LF,1250.0,-20.0,0.6
SMS7621005LF,1250.0,-19.5,0.62
SMS7621005LF,1250.0,-19.0,0.64
SMS7621005LF,1250.0,-18.5,0.67
SMS7621005LF,1250.0,-18.0,0.7
SMS7621005LF,1250.0,-17.5,0.73
SMS7621005LF,1250.0,-17.0,0.76
SMS7621005LF,1250.0,-16.5,0.79
SMS7621005LF,1250.0,-16.0,0.82
SMS7621005LF,1250.0,-15.5,0.84
SMS7621005LF,1250.0,-15.0,0.87
SMS7621005LF,1250.0,-14.5,0.9
SMS7621005LF,1250.0,-14.0,0.93
SMS7621005LF,1250.0,-13.5,0.96
SMS7621005LF,1250.0,-13.0,0.99
SMS7621005LF,1250.0,-12.5,1.01
SMS7621005LF,1250.0,-12.0,1.04
SMS7621005LF,1250.0,-11.5,1.06
SMS7621005LF,1250.0,-11.0,1.08
SMS7621005LF,1250.0,-10.5,1.11
SMS7621005LF,1250.0,-10.0,1.13
SMS7621005LF,1250.0,-9.5,1.16
SMS7621005LF,1250.0,-9.0,1.18
SMS7621005LF,1250.0,-8.5,1.21
SMS7621005LF,1250.0,-8.0,2.95
SMS7621005LF,1250.0,-7.5,8.27
SMS7621005LF,1250.0,-7.0,14.93
SMS7621005LF,1250.0,-6.5,22.48
SMS7621005LF,1250.0,-6.0,29.7
SMS7621005LF,1250.0,-5.5,35.77
SMS7621005LF,1250.0,-5.0,41.54
SMS7621005LF,1250.0,-4.5,46.18
SMS7621005LF,1250.0,-4.0,48.61
SMS7621005LF,1250.0,-3.5,51.84
SMS7621005LF,1250.0,-3.0,54.18
SMS7621005LF,1250.0,-2.5,55.99
SMS7621005LF,1250.0,-2.0,57.31
SMS7621005LF,1250.0,-1.5,58.11
SMS7621005LF,1250.0,-1.0,58.79
SMS7621005LF,1250.0,-0.5,58.48
SMS7621005LF,1250.0,0.0,58.51
SMS7621005LF,1250.0,0.5,58.05
SMS7621005LF,1250.0,1.0,57.54
SMS7621005LF,1250.0,1.5,56.76
SMS7621005LF,1250.0,2.0,55.84
SMS7621005LF,1250.0,2.5,54.71
SMS7621005LF,1250.0,3.0,53.67
SMS7621005LF,1250.0,3.5,52.22
SMS7621005LF,1250.0,4.0,51.12
SMS7621005LF,1250.0,4.5,46.97
SMS7621005LF,1250.0,5.0,45.18
SMS7621005LF,1250.0,5.5,43.86
SMS7621005LF,1250.0,6.0,41.52
SMS7621005LF,1250.0,6.5,39.61
SMS7621005LF,1250.0,7.0,38.85
SMS7621005LF,1250.0,7.5,37.01
SMS7621005LF,1250.0,8.0,34.8
SMS7621005LF,1250.0,8.5,33.21
SMS7621005LF,1250.0,9.0,32.14
SMS7621005LF,1250.0,9.5,31.65
SMS7621005LF,1250.0,10.0,30.32
SMS7621005LF,1500.0,-25.0,0.39
SMS7621005LF,1500.0,-24.5,0.4
SMS7621005LF,1500.0,-24.0,0.42
SMS7621005LF,1500.0,-23.5,0.45
SMS7621005LF,1500.0,-23.0,0.45
SMS7621005LF,1500.0,-22.5,0.47
SMS7621005LF,1500.0,-22.0,0.49
SMS7621005LF,1500.0,-21.5,0.52
SMS7621005LF,1500.0,-21.0,0.55
SMS7621005LF,1500.0,-20.5,0.57
SMS7621005LF,1500.0,-20.0,0.6
SMS7621005LF,1500.0,-19.5,0.62
SMS7621005LF,1500.0,-19.0,0.64
SMS7621005LF,1500.0,-18.5,0.67
SMS7621005LF,1500.0,-18.0,0.7
SMS7621005LF,1500.0,-17.5,0.74
SMS7621005LF,1500.0,-17.0,0.77
SMS7621005LF,1500.0,-16.5,0.79
SMS7621005LF,1500.0,-16.0,0.82
SMS7621005LF,1500.0,-15.5,0.84
SMS7621005LF,1500.0,-15.0,0.87
SMS7621005LF,1500.0,-14.5,0.9
SMS7621005LF,1500.0,-14.0,0.93
SMS7621005LF,1500.0,-13.5,0.95
SMS7621005LF,1500.0,-13.0,0.98
SMS7621005LF,1500.0,-12.5,1.01
SMS7621005LF,1500.0,-12.0,1.04
SMS7621005LF,1500.0,-11.5,1.06
SMS7621005LF,1500.0,-11.0,1.09
SMS7621005LF,1500.0,-10.5,1.11
SMS7621005LF,1500.0,-10.0,1.13
SMS7621005LF,1500.0,-9.5,1.15
SMS7621005LF,1500.0,-9.0,1.18
SMS7621005LF,1500.0,-8.5,1.21
SMS7621005LF,1500.0,-8.0,1.21
SMS7621005LF,1500.0,-7.5,1.23
SMS7621005LF,1500.0,-7.0,1.25
SMS7621005LF,1500.0,-6.5,5.21
SMS7621005LF,1500.0,-6.0,12.08
SMS7621005LF,1500.0,-5.5,20.19
SMS7621005LF,1500.0,-5.0,28.24
SMS7621005LF,1500.0,-4.5,35.5
SMS7621005LF,1500.0,-4.0,39.47
SMS7621005LF,1500.0,-3.5,45.4
SMS7621005LF,1500.0,-3.0,49.83
SMS7621005LF,1500.0,-2.5,53.23
SMS7621005LF,1500.0,-2.0,56.01
SMS7621005LF,1500.0,-1.5,58.15
SMS7621005LF,1500.0,-1.0,59.79
SMS7621005LF,1500.0,-0.5,60.79
SMS7621005LF,1500.0,0.0,61.31
SMS7621005LF,1500.0,0.5,61.2
SMS7621005LF,1500.0,1.0,61.24
SMS7621005LF,1500.0,1.5,61.22
SMS7621005LF,1500.0,2.0,60.41
SMS7621005LF,1500.0,2.5,59.79
SMS7621005LF,1500.0,3.0,58.81
SMS7621005LF,1500.0,3.5,57.66
SMS7621005LF,1500.0,4.0,56.63
SMS7621005LF,1500.0,4.5,52.76
SMS7621005LF,1500.0,5.0,51.48
SMS7621005LF,1500.0,5.5,49.66
SMS7621005LF,1500.0,6.0,47.61
SMS7621005LF,1500.0,6.5,46.43
SMS7621005LF,1500.0,7.0,44.13
SMS7621005LF,1500.0,7.5,42.65
SMS7621005LF,1500.0,8.0,40.52
SMS7621005LF,1500.0,8.5,38.65
SMS7621005LF,1500.0,9.0,37.88
SMS7621005LF,1500.0,9.5,36.23
SMS7621005LF,1500.0,10.0,34.55
SMS7621005LF,1750.0,-25.0,0.39
SMS7621005LF,1750.0,-24.5,0.4
SMS7621005LF,1750.0,-24.0,0.42
SMS7621005LF,1750.0,-23.5,0.43
SMS7621005LF,1750.0,-23.0,0.45
SMS7621005LF,1750.0,-22.5,0.47
SMS7621005LF,1750.0,-22.0,0.49
SMS7621005LF,1750.0,-21.5,0.51
SMS7621005LF,1750.0,-21.0,0.54
SMS7621005LF,1750.0,-20.5,0.57
SMS7621005LF,1750.0,-20.0,0.59
SMS7621005LF,1750.0,-19.5,0.61
SMS7621005LF,1750.0,-19.0,0.65
SMS7621005LF,1750.0,-18.5,0.67
SMS7621005LF,1750.0,-18.0,0.7
SMS7621005LF,1750.0,-17.5,0.73
SMS7621005LF,1750.0,-17.0,0.75
SMS7621005LF,1750.0,-16.5,0.79
SMS7621005LF,1750.0,-16.0,0.81
SMS7621005LF,1750.0,-15.5,0.84
SMS7621005LF,1750.0,-15.0,0.87
SMS7621005LF,1750.0,-14.5,0.89
SMS7621005LF,1750.0,-14.0,0.92
SMS7621005LF,1750.0,-13.5,0.95
SMS7621005LF,1750.0,-13.0,0.98
SMS7621005LF,1750.0,-12.5,1.01
SMS7621005LF,1750.0,-12.0,1.04
SMS7621005LF,1750.0,-11.5,1.05
SMS7621005LF,1750.0,-11.0,1.08
SMS7621005LF,1750.0,-10.5,1.1
SMS7621005LF,1750.0,-10.0,1.13
SMS7621005LF,1750.0,-9.5,1.15
SMS7621005LF,1750.0,-9.0,1.18
SMS7621005LF,1750.0,-8.5,1.2
SMS7621005LF,1750.0,-8.0,1.21
SMS7621005LF,1750.0,-7.5,1.23
SMS7621005LF,1750.0,-7.0,1.25
SMS7621005LF,1750.0,-6.5,1.27
SMS7621005LF,1750.0,-6.0,1.29
SMS7621005LF,1750.0,-5.5,3.95
SMS7621005LF,1750.0,-5.0,11.62
SMS7621005LF,1750.0,-4.5,19.87
SMS7621005LF,1750.0,-4.0,25.85
SMS7621005LF,1750.0,-3.5,33.69
SMS7621005LF,1750.0,-3.0,40.34
SMS7621005LF,1750.0,-2.5,46.27
SMS7621005LF,1750.0,-2.0,51.39
SMS7621005LF,1750.0,-1.5,54.89
SMS7621005LF,1750.0,-1.0,57.95
SMS7621005LF,1750.0,-0.5,60.24
SMS7621005LF,1750.0,0.0,61.94
SMS7621005LF,1750.0,0.5,62.18
SMS7621005LF,1750.0,1.0,63.03
SMS7621005LF,1750.0,1.5,63.52
SMS7621005LF,1750.0,2.0,63.56
SMS7621005LF,1750.0,2.5,63.35
SMS7621005LF,1750.0,3.0,62.81
SMS7621005LF,1750.0,3.5,62.1
SMS7621005LF,1750.0,4.0,61.23
SMS7621005LF,1750.0,4.5,58.03
SMS7621005LF,1750.0,5.0,56.57
SMS7621005LF,1750.0,5.5,55.0
SMS7621005LF,1750.0,6.0,53.13
SMS7621005LF,1750.0,6.5,51.56
SMS7621005LF,1750.0,7.0,49.47
SMS7621005LF,1750.0,7.5,48.26
SMS7621005LF,1750.0,8.0,45.94
SMS7621005LF,1750.0,8.5,44.34
SMS7621005LF,1750.0,9.0,42.68
SMS7621005LF,1750.0,9.5,40.06
SMS7621005LF,1750.0,10.0,39.17
SMS7621005LF,2000.0,-25.0,0.39
SMS7621005LF,2000.0,-24.5,0.4
SMS7621005LF,2000.0,-24.0,0.42
SMS7621005LF,2000.0,-23.5,0.44
SMS7621005LF,2000.0,-23.0,0.45
SMS7621005LF,2000.0,-22.5,0.49
SMS7621005LF,2000.0,-22.0,0.49
SMS7621005LF,2000.0,-21.5,0.51
SMS7621005LF,2000.0,-21.0,0.56
SMS7621005LF,2000.0,-20.5,0.57
SMS7621005LF,2000.0,-20.0,0.6
SMS7621005LF,2000.0,-19.5,0.62
SMS7621005LF,2000.0,-19.0,0.64
SMS7621005LF,2000.0,-18.5,0.67
SMS7621005LF,2000.0,-18.0,0.7
SMS7621005LF,2000.0,-17.5,0.73
SMS7621005LF,2000.0,-17.0,0.77
SMS7621005LF,2000.0,-16.5,0.79
SMS7621005LF,2000.0,-16.0,0.81
SMS7621005LF,2000.0,-15.5,0.84
SMS7621005LF,2000.0,-15.0,0.87
SMS7621005LF,2000.0,-14.5,0.89
SMS7621005LF,2000.0,-14.0,0.92
SMS7621005LF,2000.0,-13.5,0.95
SMS7621005LF,2000.0,-13.0,0.98
SMS7621005LF,2000.0,-12.5,1.01
SMS7621005LF,2000.0,-12.0,1.04
SMS7621005LF,2000.0,-11.5,1.05
SMS7621005LF,2000.0,-11.0,1.08
SMS7621005LF,2000.0,-10.5,1.1
SMS7621005LF,2000.0,-10.0,1.13
SMS7621005LF,2000.0,-9.5,1.15
SMS7621005LF,2000.0,-9.0,1.18
SMS7621005LF,2000.0,-8.5,1.2
SMS7621005LF,2000.0,-8.0,1.2
SMS7621005LF,2000.0,-7.5,1.23
SMS7621005LF,2000.0,-7.0,1.25
SMS7621005LF,2000.0,-6.5,1.27
SMS7621005LF,2000.0,-6.0,1.29
SMS7621005LF,2000.0,-5.5,1.3
SMS7621005LF,2000.0,-5.0,1.32
SMS7621005LF,2000.0,-4.5,4.36
SMS7621005LF,2000.0,-4.0,9.93
SMS7621005LF,2000.0,-3.5,18.56
SMS7621005LF,2000.0,-3.0,27.55
SMS7621005LF,2000.0,-2.5,35.44
SMS7621005LF,2000.0,-2.0,42.48
SMS7621005LF,2000.0,-1.5,48.72
SMS7621005LF,2000.0,-1.0,53.33
SMS7621005LF,2000.0,-0.5,57.24
SMS7621005LF,2000.0,0.0,60.25
SMS7621005LF,2000.0,0.5,60.61
SMS7621005LF,2000.0,1.0,62.66
SMS7621005LF,2000.0,1.5,64.06
SMS7621005LF,2000.0,2.0,64.88
SMS7621005LF,2000.0,2.5,65.36
SMS7621005LF,2000.0,3.0,65.36
SMS7621005LF,2000.0,3.5,65.04
SMS7621005LF,2000.0,4.0,64.44
SMS7621005LF,2000.0,4.5,62.32
SMS7621005LF,2000.0,5.0,60.97
SMS7621005LF,2000.0,5.5,59.33
SMS7621005LF,2000.0,6.0,57.75
SMS7621005LF,2000.0,6.5,56.25
SMS7621005LF,2000.0,7.0,54.1
SMS7621005LF,2000.0,7.5,52.5
SMS7621005LF,2000.0,8.0,50.36
SMS7621005LF,2000.0,8.5,49.05
SMS7621005LF,2000.0,9.0,46.78
SMS7621005LF,2000.0,9.5,45.97
SMS7621005LF,2000.0,10.0,42.95
SMS7621005LF,250.0,-25.0,0.38
SMS7621005LF,250.0,-24.5,0.4
SMS7621005LF,250.0,-24.0,0.43
SMS7621005LF,250.0,-23.5,0.43
SMS7621005LF,250.0,-23.0,0.46
SMS7621005LF,250.0,-22.5,0.49
SMS7621005LF,250.0,-22.0,0.49
SMS7621005LF,250.0,-21.5,0.51
SMS7621005LF,250.0,-21.0,0.54
SMS7621005LF,250.0,-20.5,0.57
SMS7621005LF,250.0,-20.0,0.59
SMS7621005LF,250.0,-19.5,0.61
SMS7621005LF,250.0,-19.0,0.64
SMS7621005LF,250.0,-18.5,0.72
SMS7621005LF,250.0,-18.0,1.17
SMS7621005LF,250.0,-17.5,1.77
SMS7621005LF,250.0,-17.0,2.76
SMS7621005LF,250.0,-16.5,4.28
SMS7621005LF,250.0,-16.0,5.81
SMS7621005LF,250.0,-15.5,7.97
SMS7621005LF,250.0,-15.0,10.59
SMS7621005LF,250.0,-14.5,13.46
SMS7621005LF,250.0,-14.0,16.32
SMS7621005LF,250.0,-13.5,18.88
SMS7621005LF,250.0,-13.0,21.48
SMS7621005LF,250.0,-12.5,23.52
SMS7621005LF,250.0,-12.0,25.59
SMS7621005LF,250.0,-11.5,26.86
SMS7621005LF,250.0,-11.0,28.21
SMS7621005LF,250.0,-10.5,29.15
SMS7621005LF,250.0,-10.0,29.86
SMS7621005LF,250.0,-9.5,30.39
SMS7621005LF,250.0,-9.0,30.55
SMS7621005LF,250.0,-8.5,30.69
SMS7621005LF,250.0,-8.0,30.53
SMS7621005LF,250.0,-7.5,30.14
SMS7621005LF,250.0,-7.0,29.77
SMS7621005LF,250.0,-6.5,29.32
SMS7621005LF,250.0,-6.0,29.31
SMS7621005LF,250.0,-5.5,28.05
SMS7621005LF,250.0,-5.0,27.95
SMS7621005LF,250.0,-4.5,27.09
SMS7621005LF,250.0,-4.0,26.69
SMS7621005LF,250.0,-3.5,25.45
SMS7621005LF,250.0,-3.0,23.78
SMS7621005LF,250.0,-2.5,24.11
SMS7621005LF,250.0,-2.0,23.66
SMS7621005LF,250.0,-1.5,22.83
SMS7621005LF,250.0,-1.0,20.79
SMS7621005LF,250.0,-0.5,20.26
SMS7621005LF,250.0,0.0,20.47
SMS7621005LF,250.0,0.5,18.88
SMS7621005LF,250.0,1.0,19.23
SMS7621005LF,250.0,1.5,17.9
SMS7621005LF,250.0,2.0,16.37
SMS7621005LF,250.0,2.5,16.71
SMS7621005LF,250.0,3.0,15.13
SMS7621005LF,250.0,3.5,15.44
SMS7621005LF,250.0,4.0,13.58
SMS7621005LF,250.0,4.5,11.74
SMS7621005LF,250.0,5.0,11.95
SMS7621005LF,250.0,5.5,9.97
SMS7621005LF,250.0,6.0,10.24
SMS7621005LF,250.0,6.5,10.41
SMS7621005LF,250.0,7.0,8.43
SMS7621005LF,250.0,7.5,8.49
SMS7621005LF,250.0,8.0,8.62
SMS7621005LF,250.0,8.5,8.74
SMS7621005LF,250.0,9.0,54.07
SMS7621005LF,250.0,9.5,48.19
SMS7621005LF,250.0,10.0,42.95
SMS7621005LF,500.0,-25.0,0.38
SMS7621005LF,500.0,-24.5,0.4
SMS7621005LF,500.0,-24.0,0.41
SMS7621005LF,500.0,-23.5,0.43
SMS7621005LF,500.0,-23.0,0.47
SMS7621005LF,500.0,-22.5,0.47
SMS7621005LF,500.0,-22.0,0.49
SMS7621005LF,500.0,-21.5,0.51
SMS7621005LF,500.0,-21.0,0.55
SMS7621005LF,500.0,-20.5,0.57
SMS7621005LF,500.0,-20.0,0.59
SMS7621005LF,500.0,-19.5,0.62
SMS7621005LF,500.0,-19.0,0.65
SMS7621005LF,500.0,-18.5,0.67
SMS7621005LF,500.0,-18.0,0.7
SMS7621005LF,500.0,-17.5,0.73
SMS7621005LF,500.0,-17.0,0.75
SMS7621005LF,500.0,-16.5,0.79
SMS7621005LF,500.0,-16.0,0.82
SMS7621005LF,500.0,-15.5,0.84
SMS7621005LF,500.0,-15.0,0.87
SMS7621005LF,500.0,-14.5,0.97
SMS7621005LF,500.0,-14.0,2.04
SMS7621005LF,500.0,-13.5,3.97
SMS7621005LF,500.0,-13.0,6.8
SMS7621005LF,500.0,-12.5,10.55
SMS7621005LF,500.0,-12.0,14.94
SMS7621005LF,500.0,-11.5,19.23
SMS7621005LF,500.0,-11.0,23.55
SMS7621005LF,500.0,-10.5,27.64
SMS7621005LF,500.0,-10.0,31.04
SMS7621005LF,500.0,-9.5,33.97
SMS7621005LF,500.0,-9.0,36.49
SMS7621005LF,500.0,-8.5,38.92
SMS7621005LF,500.0,-8.0,39.72
SMS7621005LF,500.0,-7.5,40.91
SMS7621005LF,500.0,-7.0,41.76
SMS7621005LF,500.0,-6.5,42.25
SMS7621005LF,500.0,-6.0,42.44
SMS7621005LF,500.0,-5.5,42.04
SMS7621005LF,500.0,-5.0,42.2
SMS7621005LF,500.0,-4.5,41.58
SMS7621005LF,500.0,-4.0,40.99
SMS7621005LF,500.0,-3.5,40.7
SMS7621005LF,500.0,-3.0,39.99
SMS7621005LF,500.0,-2.5,38.95
SMS7621005LF,500.0,-2.0,37.91
SMS7621005LF,500.0,-1.5,36.87
SMS7621005LF,500.0,-1.0,36.39
SMS7621005LF,500.0,-0.5,34.76
SMS7621005LF,500.0,0.0,33.56
SMS7621005LF,500.0,0.5,33.4
SMS7621005LF,500.0,1.0,32.16
SMS7621005LF,500.0,1.5,30.92
SMS7621005LF,500.0,2.0,30.31
SMS7621005LF,500.0,2.5,28.05
SMS7621005LF,500.0,3.0,27.04
SMS7621005LF,500.0,3.5,26.11
SMS7621005LF,500.0,4.0,24.88
SMS7621005LF,500.0,4.5,22.0
SMS7621005LF,500.0,5.0,20.68
SMS7621005LF,500.0,5.5,20.91
SMS7621005LF,500.0,6.0,19.54
SMS7621005LF,500.0,6.5,17.97
SMS7621005LF,500.0,7.0,18.24
SMS7621005LF,500.0,7.5,16.67
SMS7621005LF,500.0,8.0,16.82
SMS7621005LF,500.0,8.5,14.88
SMS7621005LF,500.0,9.0,15.15
SMS7621005LF,500.0,9.5,13.48
SMS7621005LF,500.0,10.0,13.59
SMS7621005LF,750.0,-25.0,0.38
SMS7621005LF,750.0,-24.5,0.4
SMS7621005LF,750.0,-24.0,0.42
SMS7621005LF,750.0,-23.5,0.43
SMS7621005LF,750.0,-23.0,0.45
SMS7621005LF,750.0,-22.5,0.47
SMS7621005LF,750.0,-22.0,0.49
SMS7621005LF,750.0,-21.5,0.52
SMS7621005LF,750.0,-21.0,0.54
SMS7621005LF,750.0,-20.5,0.57
SMS7621005LF,750.0,-20.0,0.6
SMS7621005LF,750.0,-19.5,0.62
SMS7621005LF,750.0,-19.0,0.64
SMS7621005LF,750.0,-18.5,0.67
SMS7621005LF,750.0,-18.0,0.7
SMS7621005LF,750.0,-17.5,0.73
SMS7621005LF,750.0,-17.0,0.76
SMS7621005LF,750.0,-16.5,0.79
SMS7621005LF,750.0,-16.0,0.82
SMS7621005LF,750.0,-15.5,0.84
SMS7621005LF,750.0,-15.0,0.87
SMS7621005LF,750.0,-14.5,0.89
SMS7621005LF,750.0,-14.0,0.92
SMS7621005LF,750.0,-13.5,0.95
SMS7621005LF,750.0,-13.0,0.98
SMS7621005LF,750.0,-12.5,1.01
SMS7621005LF,750.0,-12.0,1.04
SMS7621005LF,750.0,-11.5,2.43
SMS7621005LF,750.0,-11.0,5.57
SMS7621005LF,750.0,-10.5,9.84
SMS7621005LF,750.0,-10.0,15.37
SMS7621005LF,750.0,-9.5,21.15
SMS7621005LF,750.0,-9.0,26.66
SMS7621005LF,750.0,-8.5,31.92
SMS7621005LF,750.0,-8.0,35.45
SMS7621005LF,750.0,-7.5,39.13
SMS7621005LF,750.0,-7.0,42.2
SMS7621005LF,750.0,-6.5,44.59
SMS7621005LF,750.0,-6.0,46.48
SMS7621005LF,750.0,-5.5,47.91
SMS7621005LF,750.0,-5.0,48.95
SMS7621005LF,750.0,-4.5,49.6
SMS7621005LF,750.0,-4.0,49.67
SMS7621005LF,750.0,-3.5,49.63
SMS7621005LF,750.0,-3.0,49.43
SMS7621005LF,750.0,-2.5,48.97
SMS7621005LF,750.0,-2.0,48.33
SMS7621005LF,750.0,-1.5,47.52
SMS7621005LF,750.0,-1.0,46.52
SMS7621005LF,750.0,-0.5,45.68
SMS7621005LF,750.0,0.0,44.48
SMS7621005LF,750.0,0.5,44.32
SMS7621005LF,750.0,1.0,43.08
SMS7621005LF,750.0,1.5,41.61
SMS7621005LF,750.0,2.0,40.52
SMS7621005LF,750.0,2.5,39.5
SMS7621005LF,750.0,3.0,37.81
SMS7621005LF,750.0,3.5,36.1
SMS7621005LF,750.0,4.0,35.68
SMS7621005LF,750.0,4.5,30.32
SMS7621005LF,750.0,5.0,30.68
SMS7621005LF,750.0,5.5,28.49
SMS7621005LF,750.0,6.0,27.34
SMS7621005LF,750.0,6.5,26.22
SMS7621005LF,750.0,7.0,24.89
SMS7621005LF,750.0,7.5,23.58
SMS7621005LF,750.0,8.0,22.14
SMS7621005LF,750.0,8.5,22.37
SMS7621005LF,750.0,9.0,20.8
SMS7621005LF,750.0,9.5,19.52
SMS7621005LF,750.0,10.0,19.66
