frequency_mhz,level_dbm,buffer_voltage_mv,resistance,pwr_pw,efficiency
800.0,-20.0,582.0,1000000.0,338000,3.38
800.0,-19.5,708.0,1000000.0,501000,4.465
800.0,-19.0,840.0,1000000.0,705000,5.6
800.0,-18.5,978.0,1000000.0,956000,6.768
800.0,-18.0,1110.0,1000000.0,1232000,7.773
800.0,-17.5,1245.0,1000000.0,1537000,8.643
800.0,-17.0,1380.0,1000000.0,1904000,9.543
800.0,-16.5,1508.0,1000000.0,2277000,10.171
800.0,-16.0,1638.0,1000000.0,2696000,10.733
800.0,-15.5,1635.0,679687.0,3971000,14.09
800.0,-15.0,1631.0,500000.0,5320000,16.823
800.0,-14.5,1638.0,382812.0,7008000,19.751
800.0,-14.0,1618.0,300781.0,8703000,21.861
800.0,-13.5,1631.0,246093.0,10809000,24.198
800.0,-13.0,1631.0,203125.0,12840000,25.619
800.0,-12.5,1617.0,171875.0,15212000,27.051
800.0,-12.0,1619.0,144531.0,17979000,28.495
800.0,-11.5,1595.0,121093.0,21008000,29.675
800.0,-11.0,1593.0,109375.0,23201000,29.208
800.0,-10.5,1619.0,97656.0,26477000,29.708
800.0,-10.0,1622.0,85865.0,30677000,30.677
800.0,-9.5,1626.0,76536.0,33615000,29.959
800.0,-9.0,1605.0,68615.0,38532000,30.607
800.0,-8.5,1607.0,61532.0,43924000,31.096
800.0,-8.0,1603.0,55328.0,47492000,29.965
800.0,-7.5,1605.0,50039.0,53488000,30.079
800.0,-7.0,1603.0,45362.0,56646000,28.39
800.0,-6.5,1622.0,41317.0,62114000,27.745
800.0,-6.0,1608.0,37919.0,68273000,27.18
800.0,-5.5,1621.0,34497.0,74394000,26.396
800.0,-5.0,1623.0,31742.0,82985000,26.242
800.0,-4.5,1619.0,28972.0,87919000,24.779
800.0,-4.0,1607.0,26883.0,95943000,24.1
800.0,-3.5,1607.0,24786.0,104189000,23.325
800.0,-3.0,1628.0,22679.0,116865000,23.318
800.0,-2.5,1590.0,20917.0,120863000,21.493
800.0,-2.0,1628.0,19503.0,130606000,20.7
800.0,-1.5,1617.0,18439.0,141802000,20.03
800.0,-1.0,1580.0,16661.0,155772000,19.611
800.0,-0.5,1585.0,15592.0,164186000,18.422
800.0,0.0,1645.0,14877.0,175319000,17.532
812.0,-20.0,569.0,1000000.0,318000,3.18
812.0,-19.5,699.0,1000000.0,488000,4.349
812.0,-19.0,819.0,1000000.0,669000,5.314
812.0,-18.5,956.0,1000000.0,910000,6.442
812.0,-18.0,1094.0,1000000.0,1196000,7.546
812.0,-17.5,1227.0,1000000.0,1505000,8.463
812.0,-17.0,1353.0,1000000.0,1830000,9.172
812.0,-16.5,1485.0,1000000.0,2205000,9.849
812.0,-16.0,1616.0,1000000.0,2611000,10.395
812.0,-15.5,1638.0,726562.0,3692000,13.1
812.0,-15.0,1632.0,523437.0,5088000,16.09
812.0,-14.5,1643.0,394531.0,6842000,19.283
812.0,-14.0,1636.0,312500.0,8460000,21.251
812.0,-13.5,1637.0,253906.0,10554000,23.627
812.0,-13.0,1632.0,207031.0,12864000,25.667
812.0,-12.5,1608.0,171875.0,15043000,26.751
812.0,-12.0,1602.0,144531.0,17734000,28.106
812.0,-11.5,1587.0,125000.0,20148000,28.46
812.0,-11.0,1584.0,109375.0,22939000,28.878
812.0,-10.5,1599.0,97656.0,26181000,29.376
812.0,-10.0,1596.0,86173.0,30455000,30.455
812.0,-9.5,1605.0,77478.0,33248000,29.632
812.0,-9.0,1641.0,69254.0,37382000,29.694
812.0,-8.5,1610.0,62181.0,41738000,29.548
812.0,-8.0,1604.0,55656.0,46227000,29.167
812.0,-7.5,1625.0,50371.0,52423000,29.48
812.0,-7.0,1624.0,46033.0,57293000,28.715
812.0,-6.5,1624.0,41655.0,61919000,27.658
812.0,-6.0,1632.0,37919.0,70239000,27.963
812.0,-5.5,1626.0,34841.0,75884000,26.925
812.0,-5.0,1614.0,32088.0,81182000,25.672
812.0,-4.5,1607.0,29319.0,88081000,24.825
812.0,-4.0,1620.0,26883.0,95465000,23.98
812.0,-3.5,1624.0,24786.0,103542000,23.18
812.0,-3.0,1636.0,23032.0,112263000,22.399
812.0,-2.5,1621.0,21270.0,121563000,21.617
812.0,-2.0,1593.0,19503.0,130115000,20.622
812.0,-1.5,1590.0,18083.0,139805000,19.748
812.0,-1.0,1577.0,16661.0,149077000,18.768
812.0,-0.5,1611.0,15592.0,166452000,18.676
812.0,0.0,1611.0,14877.0,175971000,17.597
825.0,-20.0,543.0,1000000.0,294000,2.94
825.0,-19.5,653.0,1000000.0,423000,3.77
825.0,-19.0,776.0,1000000.0,597000,4.742
825.0,-18.5,909.0,1000000.0,826000,5.848
825.0,-18.0,1049.0,1000000.0,1094000,6.903
825.0,-17.5,1178.0,1000000.0,1404000,7.895
825.0,-17.0,1315.0,1000000.0,1731000,8.676
825.0,-16.5,1446.0,1000000.0,2090000,9.336
825.0,-16.0,1574.0,1000000.0,2477000,9.861
825.0,-15.5,1641.0,812500.0,3334000,11.829
825.0,-15.0,1637.0,562500.0,4816000,15.23
825.0,-14.5,1631.0,417968.0,6364000,17.936
825.0,-14.0,1642.0,328125.0,8067000,20.263
825.0,-13.5,1620.0,261718.0,10027000,22.448
825.0,-13.0,1638.0,214843.0,12170000,24.282
825.0,-12.5,1630.0,179687.0,14443000,25.684
825.0,-12.0,1621.0,148437.0,17010000,26.959
825.0,-11.5,1593.0,128906.0,19686000,27.807
825.0,-11.0,1619.0,113281.0,23138000,29.129
825.0,-10.5,1623.0,97656.0,26973000,30.264
825.0,-10.0,1618.0,86173.0,30379000,30.379
825.0,-9.5,1631.0,78418.0,33922000,30.233
825.0,-9.0,1610.0,70211.0,36918000,29.325
825.0,-8.5,1635.0,62828.0,41257000,29.208
825.0,-8.0,1607.0,56313.0,45858000,28.934
825.0,-7.5,1638.0,50703.0,52916000,29.757
825.0,-7.0,1601.0,46033.0,57081000,28.608
825.0,-6.5,1606.0,41993.0,61420000,27.435
825.0,-6.0,1640.0,38259.0,67163000,26.738
825.0,-5.5,1609.0,35183.0,76819000,27.256
825.0,-5.0,1605.0,32088.0,81787000,25.863
825.0,-4.5,1629.0,29666.0,87702000,24.718
825.0,-4.0,1610.0,27232.0,95185000,23.909
825.0,-3.5,1616.0,25136.0,106090000,23.751
825.0,-3.0,1612.0,23032.0,111566000,22.26
825.0,-2.5,1634.0,21623.0,123477000,21.958
825.0,-2.0,1600.0,19856.0,128928000,20.434
825.0,-1.5,1616.0,18439.0,141626000,20.005
825.0,-1.0,1618.0,17017.0,153841000,19.367
825.0,-0.5,1599.0,15592.0,158087000,17.738
825.0,0.0,1597.0,14877.0,177934000,17.793
837.0,-20.0,548.0,1000000.0,297000,2.97
837.0,-19.5,667.0,1000000.0,436000,3.886
837.0,-19.0,793.0,1000000.0,628000,4.988
837.0,-18.5,935.0,1000000.0,874000,6.187
837.0,-18.0,1062.0,1000000.0,1129000,7.124
837.0,-17.5,1198.0,1000000.0,1435000,8.07
837.0,-17.0,1332.0,1000000.0,1774000,8.891
837.0,-16.5,1465.0,1000000.0,2137000,9.546
837.0,-16.0,1599.0,1000000.0,2556000,10.176
837.0,-15.5,1642.0,773437.0,3485000,12.365
837.0,-15.0,1632.0,539062.0,4940000,15.622
837.0,-14.5,1639.0,410156.0,6549000,18.458
837.0,-14.0,1639.0,320312.0,8243000,20.705
837.0,-13.5,1621.0,257812.0,10292000,23.041
837.0,-13.0,1620.0,207031.0,12676000,25.292
837.0,-12.5,1632.0,179687.0,14786000,26.294
837.0,-12.0,1610.0,148437.0,17289000,27.401
837.0,-11.5,1631.0,128906.0,19809000,27.981
837.0,-11.0,1620.0,113281.0,23167000,29.166
837.0,-10.5,1621.0,97656.0,26907000,30.19
837.0,-10.0,1617.0,85865.0,30451000,30.451
837.0,-9.5,1608.0,78730.0,33829000,30.15
837.0,-9.0,1606.0,70211.0,36735000,29.18
837.0,-8.5,1626.0,63151.0,42020000,29.748
837.0,-8.0,1642.0,56641.0,45479000,28.695
837.0,-7.5,1609.0,51035.0,50727000,28.526
837.0,-7.0,1627.0,46702.0,55434000,27.783
837.0,-6.5,1642.0,42669.0,60975000,27.237
837.0,-6.0,1610.0,38941.0,69659000,27.732
837.0,-5.5,1625.0,35526.0,74329000,26.373
837.0,-5.0,1616.0,32778.0,81156000,25.664
837.0,-4.5,1617.0,30013.0,87118000,24.553
837.0,-4.0,1609.0,27580.0,93868000,23.579
837.0,-3.5,1627.0,25486.0,103866000,23.253
837.0,-3.0,1617.0,23734.0,110166000,21.981
837.0,-2.5,1592.0,21623.0,117211000,20.843
837.0,-2.0,1600.0,20211.0,126663000,20.075
837.0,-1.5,1605.0,18439.0,139705000,19.734
837.0,-1.0,1631.0,17729.0,150229000,18.913
837.0,-0.5,1600.0,16305.0,162750000,18.261
837.0,0.0,1630.0,15235.0,174394000,17.439
850.0,-20.0,624.0,1000000.0,389000,3.89
850.0,-19.5,773.0,1000000.0,597000,5.321
850.0,-19.0,894.0,1000000.0,799000,6.347
850.0,-18.5,1029.0,1000000.0,1058000,7.49
850.0,-18.0,1155.0,1000000.0,1334000,8.417
850.0,-17.5,1290.0,1000000.0,1664000,9.357
850.0,-17.0,1424.0,1000000.0,2016000,10.104
850.0,-16.5,1555.0,1000000.0,2418000,10.801
850.0,-16.0,1642.0,882812.0,3054000,12.158
850.0,-15.5,1638.0,617187.0,4347000,15.424
850.0,-15.0,1643.0,464843.0,5743000,18.161
850.0,-14.5,1632.0,359375.0,7411000,20.887
850.0,-14.0,1617.0,289062.0,9191000,23.087
850.0,-13.5,1642.0,238281.0,10973000,24.565
850.0,-13.0,1610.0,199218.0,13027000,25.992
850.0,-12.5,1592.0,164062.0,15312000,27.229
850.0,-12.0,1638.0,144531.0,17801000,28.213
850.0,-11.5,1598.0,125000.0,20428000,28.855
850.0,-11.0,1590.0,109375.0,23114000,29.099
850.0,-10.5,1601.0,97656.0,26247000,29.45
850.0,-10.0,1608.0,86173.0,30005000,30.005
850.0,-9.5,1626.0,78104.0,33767000,30.095
850.0,-9.0,1628.0,70211.0,37378000,29.69
850.0,-8.5,1608.0,63151.0,42072000,29.785
850.0,-8.0,1608.0,56968.0,47097000,29.716
850.0,-7.5,1606.0,51698.0,49890000,28.055
850.0,-7.0,1597.0,46702.0,56333000,28.233
850.0,-6.5,1626.0,43006.0,60123000,26.856
850.0,-6.0,1624.0,39280.0,66400000,26.434
850.0,-5.5,1630.0,36211.0,73372000,26.033
850.0,-5.0,1608.0,33122.0,78064000,24.686
850.0,-4.5,1620.0,30359.0,86445000,24.364
850.0,-4.0,1616.0,27929.0,93503000,23.487
850.0,-3.5,1618.0,25835.0,101332000,22.685
850.0,-3.0,1612.0,24085.0,107890000,21.527
850.0,-2.5,1616.0,22328.0,116958000,20.798
850.0,-2.0,1611.0,20917.0,124385000,19.714
850.0,-1.5,1614.0,19149.0,136038000,19.216
850.0,-1.0,1610.0,18083.0,143344000,18.046
850.0,-0.5,1595.0,16661.0,152693000,17.132
850.0,0.0,1596.0,15592.0,163366000,16.337
862.0,-20.0,776.0,1000000.0,597000,5.97
862.0,-19.5,902.0,1000000.0,820000,7.308
862.0,-19.0,1029.0,1000000.0,1058000,8.404
862.0,-18.5,1159.0,1000000.0,1340000,9.486
862.0,-18.0,1293.0,1000000.0,1664000,10.499
862.0,-17.5,1422.0,1000000.0,2010000,11.303
862.0,-17.0,1546.0,1000000.0,2390000,11.978
862.0,-16.5,1642.0,921875.0,2924000,13.061
862.0,-16.0,1641.0,648437.0,4152000,16.529
862.0,-15.5,1635.0,496093.0,5388000,19.117
862.0,-15.0,1626.0,394531.0,6701000,21.19
862.0,-14.5,1637.0,320312.0,8366000,23.579
862.0,-14.0,1618.0,261718.0,10002000,25.124
862.0,-13.5,1623.0,218750.0,12041000,26.956
862.0,-13.0,1610.0,187500.0,14118000,28.169
862.0,-12.5,1603.0,160156.0,16044000,28.531
862.0,-12.0,1609.0,140625.0,18777000,29.76
862.0,-11.5,1589.0,121093.0,20851000,29.453
862.0,-11.0,1603.0,109375.0,24083000,30.319
862.0,-10.5,1627.0,97656.0,27173000,30.489
862.0,-10.0,1608.0,85865.0,30338000,30.338
862.0,-9.5,1608.0,78104.0,33023000,29.432
862.0,-9.0,1611.0,70530.0,36797000,29.229
862.0,-8.5,1614.0,63475.0,41039000,29.053
862.0,-8.0,1624.0,57623.0,45769000,28.878
862.0,-7.5,1624.0,52691.0,50053000,28.147
862.0,-7.0,1627.0,48040.0,55102000,27.616
862.0,-6.5,1642.0,44017.0,61252000,27.36
862.0,-6.0,1615.0,40299.0,64721000,25.766
862.0,-5.5,1606.0,36895.0,69907000,24.804
862.0,-5.0,1612.0,34154.0,76083000,24.06
862.0,-4.5,1595.0,31051.0,83790000,23.615
862.0,-4.0,1625.0,28972.0,89246000,22.418
862.0,-3.5,1614.0,26883.0,96901000,21.693
862.0,-3.0,1634.0,24786.0,107720000,21.493
862.0,-2.5,1635.0,23032.0,116065000,20.64
862.0,-2.0,1598.0,21270.0,120056000,19.028
862.0,-1.5,1601.0,19856.0,129089000,18.234
862.0,-1.0,1572.0,18083.0,136657000,17.204
862.0,-0.5,1585.0,17017.0,147257000,16.523
862.0,0.0,1600.0,15948.0,157724000,15.772
875.0,-20.0,868.0,1000000.0,753000,7.53
875.0,-19.5,1009.0,1000000.0,1018000,9.073
875.0,-19.0,1124.0,1000000.0,1263000,10.032
875.0,-18.5,1248.0,1000000.0,1557000,11.023
875.0,-18.0,1372.0,1000000.0,1882000,11.875
875.0,-17.5,1498.0,1000000.0,2244000,12.619
875.0,-17.0,1623.0,1000000.0,2614000,13.101
875.0,-16.5,1641.0,757812.0,3553000,15.871
875.0,-16.0,1635.0,570312.0,4687000,18.659
875.0,-15.5,1634.0,445312.0,5966000,21.168
875.0,-15.0,1627.0,359375.0,7393000,23.379
875.0,-14.5,1627.0,300781.0,8800000,24.802
875.0,-14.0,1619.0,246093.0,10651000,26.754
875.0,-13.5,1606.0,207031.0,12520000,28.029
875.0,-13.0,1631.0,183593.0,14489000,28.909
875.0,-12.5,1632.0,160156.0,16630000,29.573
875.0,-12.0,1593.0,136718.0,18607000,29.49
875.0,-11.5,1591.0,121093.0,21833000,30.84
875.0,-11.0,1600.0,109375.0,23405000,29.465
875.0,-10.5,1639.0,97656.0,27507000,30.863
875.0,-10.0,1604.0,86173.0,29856000,29.856
875.0,-9.5,1606.0,79355.0,33975000,30.28
875.0,-9.0,1643.0,71483.0,37763000,29.996
875.0,-8.5,1641.0,65087.0,39726000,28.124
875.0,-8.0,1626.0,58930.0,43767000,27.615
875.0,-7.5,1610.0,54011.0,47992000,26.988
875.0,-7.0,1629.0,49373.0,53746000,26.937
875.0,-6.5,1615.0,45362.0,57498000,25.683
875.0,-6.0,1632.0,41655.0,63940000,25.455
875.0,-5.5,1629.0,38259.0,69359000,24.61
875.0,-5.0,1616.0,35183.0,74224000,23.472
875.0,-4.5,1626.0,32432.0,81520000,22.975
875.0,-4.0,1628.0,30013.0,86473000,21.721
875.0,-3.5,1633.0,27929.0,95481000,21.376
875.0,-3.0,1616.0,25486.0,102466000,20.445
875.0,-2.5,1619.0,23734.0,110439000,19.639
875.0,-2.0,1620.0,22328.0,117538000,18.629
875.0,-1.5,1606.0,20564.0,127621000,18.027
875.0,-1.0,1617.0,19149.0,136544000,17.19
875.0,-0.5,1641.0,18083.0,144951000,16.264
875.0,0.0,1599.0,16661.0,156159000,15.616
887.0,-20.0,876.0,1000000.0,760000,7.6
887.0,-19.5,1002.0,1000000.0,1004000,8.948
887.0,-19.0,1119.0,1000000.0,1258000,9.993
887.0,-18.5,1249.0,1000000.0,1560000,11.044
887.0,-18.0,1367.0,1000000.0,1868000,11.786
887.0,-17.5,1488.0,1000000.0,2202000,12.383
887.0,-17.0,1601.0,1000000.0,2563000,12.845
887.0,-16.5,1645.0,800781.0,3379000,15.093
887.0,-16.0,1643.0,597656.0,4516000,17.979
887.0,-15.5,1638.0,464843.0,5771000,20.476
887.0,-15.0,1631.0,375000.0,7154000,22.623
887.0,-14.5,1637.0,308593.0,8535000,24.055
887.0,-14.0,1625.0,257812.0,10104000,25.38
887.0,-13.5,1638.0,218750.0,12265000,27.458
887.0,-13.0,1605.0,187500.0,13738000,27.411
887.0,-12.5,1606.0,164062.0,15721000,27.956
887.0,-12.0,1634.0,144531.0,17934000,28.423
887.0,-11.5,1599.0,125000.0,20865000,29.473
887.0,-11.0,1623.0,113281.0,23396000,29.454
887.0,-10.5,1575.0,97656.0,25401000,28.5
887.0,-10.0,1577.0,86173.0,28859000,28.859
887.0,-9.5,1604.0,81535.0,32346000,28.828
887.0,-9.0,1610.0,74016.0,34977000,27.783
887.0,-8.5,1627.0,67016.0,39499000,27.963
887.0,-8.0,1625.0,60883.0,42522000,26.83
887.0,-7.5,1603.0,55328.0,48375000,27.203
887.0,-7.0,1625.0,50703.0,51888000,26.006
887.0,-6.5,1630.0,46702.0,56890000,25.412
887.0,-6.0,1633.0,43006.0,62083000,24.716
887.0,-5.5,1618.0,39621.0,67387000,23.91
887.0,-5.0,1612.0,36211.0,72923000,23.06
887.0,-4.5,1622.0,33466.0,79001000,22.266
887.0,-4.0,1616.0,31051.0,84102000,21.125
887.0,-3.5,1635.0,28624.0,93391000,20.908
887.0,-3.0,1599.0,26185.0,97643000,19.482
887.0,-2.5,1622.0,24786.0,108248000,19.25
887.0,-2.0,1635.0,23032.0,116065000,18.395
887.0,-1.5,1622.0,21270.0,121715000,17.193
887.0,-1.0,1611.0,19856.0,130707000,16.455
887.0,-0.5,1605.0,18439.0,139705000,15.675
887.0,0.0,1614.0,17373.0,149945000,14.994
900.0,-20.0,800.0,1000000.0,633000,6.33
900.0,-19.5,919.0,1000000.0,861000,7.674
900.0,-19.0,1044.0,1000000.0,1083000,8.603
900.0,-18.5,1170.0,1000000.0,1371000,9.706
900.0,-18.0,1289.0,1000000.0,1661000,10.48
900.0,-17.5,1406.0,1000000.0,1990000,11.191
900.0,-17.0,1526.0,1000000.0,2331000,11.683
900.0,-16.5,1643.0,1000000.0,2689000,12.011
900.0,-16.0,1637.0,718750.0,3755000,14.949
900.0,-15.5,1635.0,539062.0,4940000,17.528
900.0,-15.0,1640.0,425781.0,6316000,19.973
900.0,-14.5,1624.0,343750.0,7672000,21.623
900.0,-14.0,1622.0,285156.0,9363000,23.519
900.0,-13.5,1621.0,238281.0,11027000,24.686
900.0,-13.0,1620.0,203125.0,13016000,25.97
900.0,-12.5,1607.0,175781.0,14691000,26.125
900.0,-12.0,1586.0,148437.0,16945000,26.856
900.0,-11.5,1572.0,128906.0,19292000,27.251
900.0,-11.0,1613.0,117187.0,21845000,27.501
900.0,-10.5,1603.0,105468.0,24394000,27.371
900.0,-10.0,1518.0,86173.0,27951000,27.951
900.0,-9.5,1614.0,85557.0,30447000,27.136
900.0,-9.0,1631.0,77164.0,33717000,26.782
900.0,-8.5,1641.0,69573.0,37257000,26.376
900.0,-8.0,1631.0,63475.0,41908000,26.442
900.0,-7.5,1633.0,57296.0,46542000,26.172
900.0,-7.0,1614.0,52691.0,51044000,25.583
900.0,-6.5,1619.0,48374.0,54118000,24.174
900.0,-6.0,1619.0,44354.0,59096000,23.527
900.0,-5.5,1615.0,40639.0,65297000,23.168
900.0,-5.0,1621.0,37578.0,71138000,22.496
900.0,-4.5,1629.0,34497.0,76923000,21.68
900.0,-4.0,1614.0,31742.0,81661000,20.512
900.0,-3.5,1622.0,29319.0,89733000,20.089
900.0,-3.0,1611.0,27232.0,95304000,19.016
900.0,-2.5,1614.0,25136.0,103764000,18.452
900.0,-2.0,1621.0,23734.0,110712000,17.547
900.0,-1.5,1614.0,21975.0,120460000,17.015
900.0,-1.0,1608.0,20211.0,125873000,15.846
900.0,-0.5,1603.0,18794.0,136724000,15.341
900.0,0.0,1590.0,17373.0,145518000,14.552
912.0,-20.0,701.0,1000000.0,491000,4.91
912.0,-19.5,827.0,1000000.0,682000,6.078
912.0,-19.0,949.0,1000000.0,900000,7.149
912.0,-18.5,1083.0,1000000.0,1172000,8.297
912.0,-18.0,1199.0,1000000.0,1437000,9.067
912.0,-17.5,1322.0,1000000.0,1737000,9.768
912.0,-17.0,1442.0,1000000.0,2088000,10.465
912.0,-16.5,1561.0,1000000.0,2436000,10.881
912.0,-16.0,1641.0,898437.0,3000000,11.943
912.0,-15.5,1643.0,652343.0,4158000,14.753
912.0,-15.0,1630.0,492187.0,5398000,17.07
912.0,-14.5,1631.0,394531.0,6742000,19.002
912.0,-14.0,1626.0,320312.0,8254000,20.733
912.0,-13.5,1635.0,261718.0,9941000,22.255
912.0,-13.0,1614.0,222656.0,11699000,23.343
912.0,-12.5,1641.0,191406.0,14068000,25.017
912.0,-12.0,1611.0,160156.0,15844000,25.111
912.0,-11.5,1640.0,144531.0,18113000,25.585
912.0,-11.0,1578.0,121093.0,20563000,25.887
912.0,-10.5,1590.0,109375.0,24024000,26.955
912.0,-10.0,1607.0,97656.0,26444000,26.444
912.0,-9.5,1578.0,86173.0,29522000,26.312
912.0,-9.0,1631.0,80602.0,33003000,26.215
912.0,-8.5,1629.0,72435.0,35963000,25.46
912.0,-8.0,1617.0,65731.0,39778000,25.098
912.0,-7.5,1634.0,59908.0,44567000,25.062
912.0,-7.0,1629.0,54341.0,48833000,24.474
912.0,-6.5,1632.0,49706.0,52538000,23.468
912.0,-6.0,1629.0,45362.0,58499000,23.289
912.0,-5.5,1614.0,41655.0,62537000,22.189
912.0,-5.0,1638.0,38259.0,68004000,21.505
912.0,-4.5,1635.0,35526.0,75247000,21.207
912.0,-4.0,1635.0,32778.0,81655000,20.511
912.0,-3.5,1613.0,30013.0,86688000,19.407
912.0,-3.0,1610.0,27929.0,92810000,18.518
912.0,-2.5,1622.0,26185.0,100472000,17.867
912.0,-2.0,1630.0,24085.0,107489000,17.036
912.0,-1.5,1596.0,21975.0,115914000,16.373
912.0,-1.0,1617.0,20917.0,125777000,15.834
912.0,-0.5,1621.0,19503.0,134896000,15.136
912.0,0.0,1587.0,17729.0,142059000,14.206
925.0,-20.0,670.0,1000000.0,443000,4.43
925.0,-19.5,785.0,1000000.0,616000,5.49
925.0,-19.0,905.0,1000000.0,819000,6.506
925.0,-18.5,1034.0,1000000.0,1069000,7.568
925.0,-18.0,1152.0,1000000.0,1327000,8.373
925.0,-17.5,1280.0,1000000.0,1638000,9.211
925.0,-17.0,1397.0,1000000.0,1948000,9.763
925.0,-16.5,1515.0,1000000.0,2292000,10.238
925.0,-16.0,1636.0,1000000.0,2669000,10.625
925.0,-15.5,1642.0,730468.0,3691000,13.096
925.0,-15.0,1641.0,554687.0,4854000,15.35
925.0,-14.5,1633.0,429687.0,6206000,17.491
925.0,-14.0,1631.0,347656.0,7661000,19.244
925.0,-13.5,1623.0,285156.0,9478000,21.219
925.0,-13.0,1623.0,238281.0,11000000,21.948
925.0,-12.5,1629.0,203125.0,12952000,23.032
925.0,-12.0,1620.0,171875.0,15269000,24.2
925.0,-11.5,1584.0,144531.0,17690000,24.988
925.0,-11.0,1590.0,128906.0,19611000,24.689
925.0,-10.5,1587.0,113281.0,22967000,25.769
925.0,-10.0,1623.0,101562.0,25017000,25.017
925.0,-9.5,1939.0,84941.0,28500000,25.401
925.0,-9.0,1617.0,83086.0,31469000,24.997
925.0,-8.5,1628.0,74332.0,34915000,24.718
925.0,-8.0,1630.0,67336.0,39457000,24.896
925.0,-7.5,1614.0,61208.0,42559000,23.933
925.0,-7.0,1629.0,55656.0,46805000,23.458
925.0,-6.5,1636.0,51035.0,52444000,23.426
925.0,-6.0,1614.0,46368.0,56180000,22.366
925.0,-5.5,1620.0,42669.0,63496000,22.529
925.0,-5.0,1649.0,39280.0,69226000,21.891
925.0,-4.5,1627.0,35869.0,72625000,20.469
925.0,-4.0,1642.0,33122.0,81401000,20.447
925.0,-3.5,1608.0,30359.0,86445000,19.353
925.0,-3.0,1615.0,28277.0,92238000,18.404
925.0,-2.5,1621.0,26534.0,98662000,17.545
925.0,-2.0,1608.0,24435.0,108600000,17.212
925.0,-1.5,1604.0,22679.0,113444000,16.024
925.0,-1.0,1605.0,20917.0,123154000,15.504
925.0,-0.5,1605.0,19503.0,132083000,14.82
925.0,0.0,1610.0,18439.0,140402000,14.04
937.0,-20.0,672.0,1000000.0,451000,4.51
937.0,-19.5,790.0,1000000.0,630000,5.615
937.0,-19.0,909.0,1000000.0,826000,6.561
937.0,-18.5,1026.0,1000000.0,1052000,7.448
937.0,-18.0,1152.0,1000000.0,1327000,8.373
937.0,-17.5,1276.0,1000000.0,1633000,9.183
937.0,-17.0,1391.0,1000000.0,1934000,9.693
937.0,-16.5,1511.0,1000000.0,2289000,10.225
937.0,-16.0,1627.0,1000000.0,2653000,10.562
937.0,-15.5,1642.0,742187.0,3632000,12.887
937.0,-15.0,1636.0,570312.0,4693000,14.841
937.0,-14.5,1637.0,441406.0,6108000,17.215
937.0,-14.0,1641.0,355468.0,7575000,19.028
937.0,-13.5,1640.0,289062.0,9304000,20.829
937.0,-13.0,1629.0,242187.0,10849000,21.647
937.0,-12.5,1619.0,203125.0,12888000,22.918
937.0,-12.0,1611.0,175781.0,15040000,23.837
937.0,-11.5,1641.0,152343.0,17676000,24.968
937.0,-11.0,1577.0,128906.0,19292000,24.287
937.0,-10.5,1604.0,117187.0,22312000,25.034
937.0,-10.0,1582.0,101562.0,24642000,24.642
937.0,-9.5,1551.0,85249.0,25937000,23.116
937.0,-9.0,1645.0,84323.0,30969000,24.6
937.0,-8.5,1617.0,75908.0,34445000,24.385
937.0,-8.0,1644.0,68296.0,39573000,24.969
937.0,-7.5,1635.0,62505.0,42768000,24.05
937.0,-7.0,1619.0,56641.0,46219000,23.164
937.0,-6.5,1620.0,51698.0,50764000,22.675
937.0,-6.0,1628.0,47038.0,56345000,22.431
937.0,-5.5,1635.0,43344.0,61674000,21.883
937.0,-5.0,1630.0,39621.0,67057000,21.205
937.0,-4.5,1620.0,36554.0,71706000,20.209
937.0,-4.0,1626.0,33810.0,78198000,19.642
937.0,-3.5,1613.0,31051.0,85460000,19.132
937.0,-3.0,1623.0,28972.0,90919000,18.141
937.0,-2.5,1635.0,26883.0,99560000,17.705
937.0,-2.0,1635.0,24786.0,105360000,16.698
937.0,-1.5,1615.0,23032.0,113243000,15.996
937.0,-1.0,1615.0,21270.0,122776000,15.457
937.0,-0.5,1618.0,19856.0,130058000,14.593
937.0,0.0,1611.0,18439.0,140751000,14.075
950.0,-20.0,681.0,1000000.0,462000,4.62
950.0,-19.5,795.0,1000000.0,632000,5.633
950.0,-19.0,911.0,1000000.0,829000,6.585
950.0,-18.5,1033.0,1000000.0,1067000,7.554
950.0,-18.0,1156.0,1000000.0,1324000,8.354
950.0,-17.5,1273.0,1000000.0,1617000,9.093
950.0,-17.0,1392.0,1000000.0,1948000,9.763
950.0,-16.5,1507.0,1000000.0,2271000,10.144
950.0,-16.0,1624.0,1000000.0,2637000,10.498
950.0,-15.5,1640.0,753906.0,3567000,12.656
950.0,-15.0,1642.0,578125.0,4629000,14.638
950.0,-14.5,1627.0,449218.0,5892000,16.606
950.0,-14.0,1633.0,363281.0,7304000,18.347
950.0,-13.5,1634.0,296875.0,8993000,20.133
950.0,-13.0,1633.0,250000.0,10666000,21.281
950.0,-12.5,1618.0,210937.0,12410000,22.068
950.0,-12.0,1624.0,179687.0,14677000,23.261
950.0,-11.5,1626.0,156250.0,16920000,23.9
950.0,-11.0,1622.0,136718.0,19338000,24.345
950.0,-10.5,1599.0,117187.0,21818000,24.48
950.0,-10.0,1616.0,105468.0,24760000,24.76
950.0,-9.5,1507.0,85249.0,26498000,23.616
950.0,-9.0,1617.0,84941.0,30176000,23.97
950.0,-8.5,1638.0,77791.0,34490000,24.417
950.0,-8.0,1633.0,70211.0,37981000,23.964
950.0,-7.5,1619.0,63798.0,41085000,23.104
950.0,-7.0,1618.0,57951.0,45959000,23.034
950.0,-6.5,1625.0,53021.0,49558000,22.137
950.0,-6.0,1633.0,48374.0,55126000,21.946
950.0,-5.5,1633.0,44354.0,60122000,21.332
950.0,-5.0,1642.0,40639.0,66344000,20.98
950.0,-4.5,1624.0,37578.0,71138000,20.049
950.0,-4.0,1620.0,34154.0,76840000,19.301
950.0,-3.5,1640.0,31742.0,82883000,18.555
950.0,-3.0,1603.0,28972.0,88692000,17.696
950.0,-2.5,1615.0,26883.0,96301000,17.125
950.0,-2.0,1623.0,25136.0,104795000,16.609
950.0,-1.5,1612.0,23383.0,111267000,15.717
950.0,-1.0,1613.0,21623.0,120324000,15.148
950.0,-0.5,1626.0,20564.0,130791000,14.675
950.0,0.0,1600.0,18794.0,138093000,13.809
